trading_session_uuid,trader_uuid,trader_type,event_name,element_type,element_id,element_label,client_ts,server_received_ts,payload_json,created_ts
418c69c6-ec34-43cb-8592-f2fd1b6fcf4f,9f70b144-bb13-4260-831f-f9cb21838f0b,HUMAN,shown,trend_alert,down-streak,down-streak,2026-04-07T16:18:54.112Z,2026-04-07T16:18:54.161446+00:00,"{""client_ts"": ""2026-04-07T16:18:54.112Z"", ""element_id"": ""down-streak"", ""element_label"": ""down-streak"", ""element_type"": ""trend_alert"", ""event_name"": ""shown"", ""message"": ""Price went down 3 times in the last 4 ticks!"", ""trader_id"": ""9f70b144-bb13-4260-831f-f9cb21838f0b""}",1775578734.169295
418c69c6-ec34-43cb-8592-f2fd1b6fcf4f,e35674dc-ec96-4955-9641-275f1f5a2902,HUMAN,shown,trend_alert,down-streak,down-streak,2026-04-07T16:18:54.112Z,2026-04-07T16:18:54.180209+00:00,"{""client_ts"": ""2026-04-07T16:18:54.112Z"", ""element_id"": ""down-streak"", ""element_label"": ""down-streak"", ""element_type"": ""trend_alert"", ""event_name"": ""shown"", ""message"": ""Price went down 3 times in the last 4 ticks!"", ""trader_id"": ""e35674dc-ec96-4955-9641-275f1f5a2902""}",1775578734.189192
418c69c6-ec34-43cb-8592-f2fd1b6fcf4f,022bbf5d-3d6e-47c2-9a2a-66d712d45701,HUMAN,shown,trend_alert,down-streak,down-streak,2026-04-07T16:18:54.112Z,2026-04-07T16:18:54.192760+00:00,"{""client_ts"": ""2026-04-07T16:18:54.112Z"", ""element_id"": ""down-streak"", ""element_label"": ""down-streak"", ""element_type"": ""trend_alert"", ""event_name"": ""shown"", ""message"": ""Price went down 3 times in the last 4 ticks!"", ""trader_id"": ""022bbf5d-3d6e-47c2-9a2a-66d712d45701""}",1775578734.199528
418c69c6-ec34-43cb-8592-f2fd1b6fcf4f,d08bcb2b-8529-4fb2-8df1-d0ba2880bbed,HUMAN,shown,trend_alert,down-streak,down-streak,2026-04-07T16:18:54.112Z,2026-04-07T16:18:54.203197+00:00,"{""client_ts"": ""2026-04-07T16:18:54.112Z"", ""element_id"": ""down-streak"", ""element_label"": ""down-streak"", ""element_type"": ""trend_alert"", ""event_name"": ""shown"", ""message"": ""Price went down 3 times in the last 4 ticks!"", ""trader_id"": ""d08bcb2b-8529-4fb2-8df1-d0ba2880bbed""}",1775578734.209846
418c69c6-ec34-43cb-8592-f2fd1b6fcf4f,fde48bd3-7bd3-4e77-a95f-25abeea55ed0,HUMAN,shown,trend_alert,down-streak,down-streak,2026-04-07T16:18:54.112Z,2026-04-07T16:18:54.215087+00:00,"{""client_ts"": ""2026-04-07T16:18:54.112Z"", ""element_id"": ""down-streak"", ""element_label"": ""down-streak"", ""element_type"": ""trend_alert"", ""event_name"": ""shown"", ""message"": ""Price went down 3 times in the last 4 ticks!"", ""trader_id"": ""fde48bd3-7bd3-4e77-a95f-25abeea55ed0""}",1775578734.222983
418c69c6-ec34-43cb-8592-f2fd1b6fcf4f,3f6f9d47-f2e6-44f6-8da9-2c8a16a3df63,HUMAN,shown,trend_alert,down-streak,down-streak,2026-04-07T16:18:54.113Z,2026-04-07T16:18:54.227025+00:00,"{""client_ts"": ""2026-04-07T16:18:54.113Z"", ""element_id"": ""down-streak"", ""element_label"": ""down-streak"", ""element_type"": ""trend_alert"", ""event_name"": ""shown"", ""message"": ""Price went down 3 times in the last 4 ticks!"", ""trader_id"": ""3f6f9d47-f2e6-44f6-8da9-2c8a16a3df63""}",1775578734.233732
418c69c6-ec34-43cb-8592-f2fd1b6fcf4f,376885f3-c47c-49f0-a0be-9a38c1b06b80,HUMAN,shown,trend_alert,down-streak,down-streak,2026-04-07T16:18:54.113Z,2026-04-07T16:18:54.237320+00:00,"{""client_ts"": ""2026-04-07T16:18:54.113Z"", ""element_id"": ""down-streak"", ""element_label"": ""down-streak"", ""element_type"": ""trend_alert"", ""event_name"": ""shown"", ""message"": ""Price went down 3 times in the last 4 ticks!"", ""trader_id"": ""376885f3-c47c-49f0-a0be-9a38c1b06b80""}",1775578734.244089
418c69c6-ec34-43cb-8592-f2fd1b6fcf4f,9d53611f-f803-450c-bed2-ad0697c26298,HUMAN,shown,trend_alert,down-streak,down-streak,2026-04-07T16:18:54.112Z,2026-04-07T16:18:54.248192+00:00,"{""client_ts"": ""2026-04-07T16:18:54.112Z"", ""element_id"": ""down-streak"", ""element_label"": ""down-streak"", ""element_type"": ""trend_alert"", ""event_name"": ""shown"", ""message"": ""Price went down 3 times in the last 4 ticks!"", ""trader_id"": ""9d53611f-f803-450c-bed2-ad0697c26298""}",1775578734.254779
418c69c6-ec34-43cb-8592-f2fd1b6fcf4f,3f6f9d47-f2e6-44f6-8da9-2c8a16a3df63,HUMAN,shown,trend_alert,up-streak,up-streak,2026-04-07T16:19:23.030Z,2026-04-07T16:19:23.079701+00:00,"{""client_ts"": ""2026-04-07T16:19:23.030Z"", ""element_id"": ""up-streak"", ""element_label"": ""up-streak"", ""element_type"": ""trend_alert"", ""event_name"": ""shown"", ""message"": ""Price went up 3 times in the last 5 ticks!"", ""trader_id"": ""3f6f9d47-f2e6-44f6-8da9-2c8a16a3df63""}",1775578763.091513
418c69c6-ec34-43cb-8592-f2fd1b6fcf4f,fde48bd3-7bd3-4e77-a95f-25abeea55ed0,HUMAN,shown,trend_alert,up-streak,up-streak,2026-04-07T16:19:23.030Z,2026-04-07T16:19:23.097454+00:00,"{""client_ts"": ""2026-04-07T16:19:23.030Z"", ""element_id"": ""up-streak"", ""element_label"": ""up-streak"", ""element_type"": ""trend_alert"", ""event_name"": ""shown"", ""message"": ""Price went up 3 times in the last 5 ticks!"", ""trader_id"": ""fde48bd3-7bd3-4e77-a95f-25abeea55ed0""}",1775578763.104269
418c69c6-ec34-43cb-8592-f2fd1b6fcf4f,9f70b144-bb13-4260-831f-f9cb21838f0b,HUMAN,shown,trend_alert,up-streak,up-streak,2026-04-07T16:19:23.030Z,2026-04-07T16:19:23.107944+00:00,"{""client_ts"": ""2026-04-07T16:19:23.030Z"", ""element_id"": ""up-streak"", ""element_label"": ""up-streak"", ""element_type"": ""trend_alert"", ""event_name"": ""shown"", ""message"": ""Price went up 3 times in the last 5 ticks!"", ""trader_id"": ""9f70b144-bb13-4260-831f-f9cb21838f0b""}",1775578763.114898
418c69c6-ec34-43cb-8592-f2fd1b6fcf4f,022bbf5d-3d6e-47c2-9a2a-66d712d45701,HUMAN,shown,trend_alert,up-streak,up-streak,2026-04-07T16:19:23.030Z,2026-04-07T16:19:23.119101+00:00,"{""client_ts"": ""2026-04-07T16:19:23.030Z"", ""element_id"": ""up-streak"", ""element_label"": ""up-streak"", ""element_type"": ""trend_alert"", ""event_name"": ""shown"", ""message"": ""Price went up 3 times in the last 5 ticks!"", ""trader_id"": ""022bbf5d-3d6e-47c2-9a2a-66d712d45701""}",1775578763.130588
418c69c6-ec34-43cb-8592-f2fd1b6fcf4f,376885f3-c47c-49f0-a0be-9a38c1b06b80,HUMAN,shown,trend_alert,up-streak,up-streak,2026-04-07T16:19:23.030Z,2026-04-07T16:19:23.134701+00:00,"{""client_ts"": ""2026-04-07T16:19:23.030Z"", ""element_id"": ""up-streak"", ""element_label"": ""up-streak"", ""element_type"": ""trend_alert"", ""event_name"": ""shown"", ""message"": ""Price went up 3 times in the last 5 ticks!"", ""trader_id"": ""376885f3-c47c-49f0-a0be-9a38c1b06b80""}",1775578763.141384
418c69c6-ec34-43cb-8592-f2fd1b6fcf4f,e35674dc-ec96-4955-9641-275f1f5a2902,HUMAN,shown,trend_alert,up-streak,up-streak,2026-04-07T16:19:23.030Z,2026-04-07T16:19:23.145032+00:00,"{""client_ts"": ""2026-04-07T16:19:23.030Z"", ""element_id"": ""up-streak"", ""element_label"": ""up-streak"", ""element_type"": ""trend_alert"", ""event_name"": ""shown"", ""message"": ""Price went up 3 times in the last 5 ticks!"", ""trader_id"": ""e35674dc-ec96-4955-9641-275f1f5a2902""}",1775578763.152026
418c69c6-ec34-43cb-8592-f2fd1b6fcf4f,d08bcb2b-8529-4fb2-8df1-d0ba2880bbed,HUMAN,shown,trend_alert,up-streak,up-streak,2026-04-07T16:19:23.030Z,2026-04-07T16:19:23.155659+00:00,"{""client_ts"": ""2026-04-07T16:19:23.030Z"", ""element_id"": ""up-streak"", ""element_label"": ""up-streak"", ""element_type"": ""trend_alert"", ""event_name"": ""shown"", ""message"": ""Price went up 3 times in the last 5 ticks!"", ""trader_id"": ""d08bcb2b-8529-4fb2-8df1-d0ba2880bbed""}",1775578763.162429
418c69c6-ec34-43cb-8592-f2fd1b6fcf4f,9d53611f-f803-450c-bed2-ad0697c26298,HUMAN,shown,trend_alert,up-streak,up-streak,2026-04-07T16:19:23.030Z,2026-04-07T16:19:23.169250+00:00,"{""client_ts"": ""2026-04-07T16:19:23.030Z"", ""element_id"": ""up-streak"", ""element_label"": ""up-streak"", ""element_type"": ""trend_alert"", ""event_name"": ""shown"", ""message"": ""Price went up 3 times in the last 5 ticks!"", ""trader_id"": ""9d53611f-f803-450c-bed2-ad0697c26298""}",1775578763.176101
418c69c6-ec34-43cb-8592-f2fd1b6fcf4f,022bbf5d-3d6e-47c2-9a2a-66d712d45701,HUMAN,shown,trend_alert,down-streak,down-streak,2026-04-07T16:24:02.536Z,2026-04-07T16:24:02.629727+00:00,"{""client_ts"": ""2026-04-07T16:24:02.536Z"", ""element_id"": ""down-streak"", ""element_label"": ""down-streak"", ""element_type"": ""trend_alert"", ""event_name"": ""shown"", ""message"": ""Price went down 3 times in the last 5 ticks!"", ""trader_id"": ""022bbf5d-3d6e-47c2-9a2a-66d712d45701""}",1775579042.636731
418c69c6-ec34-43cb-8592-f2fd1b6fcf4f,fde48bd3-7bd3-4e77-a95f-25abeea55ed0,HUMAN,shown,trend_alert,down-streak,down-streak,2026-04-07T16:24:02.536Z,2026-04-07T16:24:02.641840+00:00,"{""client_ts"": ""2026-04-07T16:24:02.536Z"", ""element_id"": ""down-streak"", ""element_label"": ""down-streak"", ""element_type"": ""trend_alert"", ""event_name"": ""shown"", ""message"": ""Price went down 3 times in the last 5 ticks!"", ""trader_id"": ""fde48bd3-7bd3-4e77-a95f-25abeea55ed0""}",1775579042.64836
418c69c6-ec34-43cb-8592-f2fd1b6fcf4f,9f70b144-bb13-4260-831f-f9cb21838f0b,HUMAN,shown,trend_alert,down-streak,down-streak,2026-04-07T16:24:02.536Z,2026-04-07T16:24:02.651836+00:00,"{""client_ts"": ""2026-04-07T16:24:02.536Z"", ""element_id"": ""down-streak"", ""element_label"": ""down-streak"", ""element_type"": ""trend_alert"", ""event_name"": ""shown"", ""message"": ""Price went down 3 times in the last 5 ticks!"", ""trader_id"": ""9f70b144-bb13-4260-831f-f9cb21838f0b""}",1775579042.659066
418c69c6-ec34-43cb-8592-f2fd1b6fcf4f,e35674dc-ec96-4955-9641-275f1f5a2902,HUMAN,shown,trend_alert,down-streak,down-streak,2026-04-07T16:24:02.537Z,2026-04-07T16:24:02.662709+00:00,"{""client_ts"": ""2026-04-07T16:24:02.537Z"", ""element_id"": ""down-streak"", ""element_label"": ""down-streak"", ""element_type"": ""trend_alert"", ""event_name"": ""shown"", ""message"": ""Price went down 3 times in the last 5 ticks!"", ""trader_id"": ""e35674dc-ec96-4955-9641-275f1f5a2902""}",1775579042.66945
418c69c6-ec34-43cb-8592-f2fd1b6fcf4f,9d53611f-f803-450c-bed2-ad0697c26298,HUMAN,shown,trend_alert,down-streak,down-streak,2026-04-07T16:24:02.537Z,2026-04-07T16:24:02.673419+00:00,"{""client_ts"": ""2026-04-07T16:24:02.537Z"", ""element_id"": ""down-streak"", ""element_label"": ""down-streak"", ""element_type"": ""trend_alert"", ""event_name"": ""shown"", ""message"": ""Price went down 3 times in the last 5 ticks!"", ""trader_id"": ""9d53611f-f803-450c-bed2-ad0697c26298""}",1775579042.681219
418c69c6-ec34-43cb-8592-f2fd1b6fcf4f,d08bcb2b-8529-4fb2-8df1-d0ba2880bbed,HUMAN,shown,trend_alert,down-streak,down-streak,2026-04-07T16:24:02.538Z,2026-04-07T16:24:02.685051+00:00,"{""client_ts"": ""2026-04-07T16:24:02.538Z"", ""element_id"": ""down-streak"", ""element_label"": ""down-streak"", ""element_type"": ""trend_alert"", ""event_name"": ""shown"", ""message"": ""Price went down 3 times in the last 5 ticks!"", ""trader_id"": ""d08bcb2b-8529-4fb2-8df1-d0ba2880bbed""}",1775579042.69353
418c69c6-ec34-43cb-8592-f2fd1b6fcf4f,376885f3-c47c-49f0-a0be-9a38c1b06b80,HUMAN,shown,trend_alert,down-streak,down-streak,2026-04-07T16:24:02.538Z,2026-04-07T16:24:02.699404+00:00,"{""client_ts"": ""2026-04-07T16:24:02.538Z"", ""element_id"": ""down-streak"", ""element_label"": ""down-streak"", ""element_type"": ""trend_alert"", ""event_name"": ""shown"", ""message"": ""Price went down 3 times in the last 5 ticks!"", ""trader_id"": ""376885f3-c47c-49f0-a0be-9a38c1b06b80""}",1775579042.708945
418c69c6-ec34-43cb-8592-f2fd1b6fcf4f,3f6f9d47-f2e6-44f6-8da9-2c8a16a3df63,HUMAN,shown,trend_alert,down-streak,down-streak,2026-04-07T16:24:02.538Z,2026-04-07T16:24:02.713314+00:00,"{""client_ts"": ""2026-04-07T16:24:02.538Z"", ""element_id"": ""down-streak"", ""element_label"": ""down-streak"", ""element_type"": ""trend_alert"", ""event_name"": ""shown"", ""message"": ""Price went down 3 times in the last 5 ticks!"", ""trader_id"": ""3f6f9d47-f2e6-44f6-8da9-2c8a16a3df63""}",1775579042.72213
418c69c6-ec34-43cb-8592-f2fd1b6fcf4f,9d53611f-f803-450c-bed2-ad0697c26298,HUMAN,shown,trend_alert,down-streak,down-streak,2026-04-07T16:25:16.781Z,2026-04-07T16:25:16.875547+00:00,"{""client_ts"": ""2026-04-07T16:25:16.781Z"", ""element_id"": ""down-streak"", ""element_label"": ""down-streak"", ""element_type"": ""trend_alert"", ""event_name"": ""shown"", ""message"": ""Price went down 3 times in the last 5 ticks!"", ""trader_id"": ""9d53611f-f803-450c-bed2-ad0697c26298""}",1775579116.883001
418c69c6-ec34-43cb-8592-f2fd1b6fcf4f,3f6f9d47-f2e6-44f6-8da9-2c8a16a3df63,HUMAN,shown,trend_alert,down-streak,down-streak,2026-04-07T16:25:16.781Z,2026-04-07T16:25:16.887787+00:00,"{""client_ts"": ""2026-04-07T16:25:16.781Z"", ""element_id"": ""down-streak"", ""element_label"": ""down-streak"", ""element_type"": ""trend_alert"", ""event_name"": ""shown"", ""message"": ""Price went down 3 times in the last 5 ticks!"", ""trader_id"": ""3f6f9d47-f2e6-44f6-8da9-2c8a16a3df63""}",1775579116.894788
418c69c6-ec34-43cb-8592-f2fd1b6fcf4f,9f70b144-bb13-4260-831f-f9cb21838f0b,HUMAN,shown,trend_alert,down-streak,down-streak,2026-04-07T16:25:16.781Z,2026-04-07T16:25:16.898497+00:00,"{""client_ts"": ""2026-04-07T16:25:16.781Z"", ""element_id"": ""down-streak"", ""element_label"": ""down-streak"", ""element_type"": ""trend_alert"", ""event_name"": ""shown"", ""message"": ""Price went down 3 times in the last 5 ticks!"", ""trader_id"": ""9f70b144-bb13-4260-831f-f9cb21838f0b""}",1775579116.905185
418c69c6-ec34-43cb-8592-f2fd1b6fcf4f,e35674dc-ec96-4955-9641-275f1f5a2902,HUMAN,shown,trend_alert,down-streak,down-streak,2026-04-07T16:25:16.781Z,2026-04-07T16:25:16.908621+00:00,"{""client_ts"": ""2026-04-07T16:25:16.781Z"", ""element_id"": ""down-streak"", ""element_label"": ""down-streak"", ""element_type"": ""trend_alert"", ""event_name"": ""shown"", ""message"": ""Price went down 3 times in the last 5 ticks!"", ""trader_id"": ""e35674dc-ec96-4955-9641-275f1f5a2902""}",1775579116.915107
418c69c6-ec34-43cb-8592-f2fd1b6fcf4f,376885f3-c47c-49f0-a0be-9a38c1b06b80,HUMAN,shown,trend_alert,down-streak,down-streak,2026-04-07T16:25:16.781Z,2026-04-07T16:25:16.918631+00:00,"{""client_ts"": ""2026-04-07T16:25:16.781Z"", ""element_id"": ""down-streak"", ""element_label"": ""down-streak"", ""element_type"": ""trend_alert"", ""event_name"": ""shown"", ""message"": ""Price went down 3 times in the last 5 ticks!"", ""trader_id"": ""376885f3-c47c-49f0-a0be-9a38c1b06b80""}",1775579116.925286
418c69c6-ec34-43cb-8592-f2fd1b6fcf4f,fde48bd3-7bd3-4e77-a95f-25abeea55ed0,HUMAN,shown,trend_alert,down-streak,down-streak,2026-04-07T16:25:16.781Z,2026-04-07T16:25:16.928811+00:00,"{""client_ts"": ""2026-04-07T16:25:16.781Z"", ""element_id"": ""down-streak"", ""element_label"": ""down-streak"", ""element_type"": ""trend_alert"", ""event_name"": ""shown"", ""message"": ""Price went down 3 times in the last 5 ticks!"", ""trader_id"": ""fde48bd3-7bd3-4e77-a95f-25abeea55ed0""}",1775579116.936535
418c69c6-ec34-43cb-8592-f2fd1b6fcf4f,022bbf5d-3d6e-47c2-9a2a-66d712d45701,HUMAN,shown,trend_alert,down-streak,down-streak,2026-04-07T16:25:16.781Z,2026-04-07T16:25:16.940349+00:00,"{""client_ts"": ""2026-04-07T16:25:16.781Z"", ""element_id"": ""down-streak"", ""element_label"": ""down-streak"", ""element_type"": ""trend_alert"", ""event_name"": ""shown"", ""message"": ""Price went down 3 times in the last 5 ticks!"", ""trader_id"": ""022bbf5d-3d6e-47c2-9a2a-66d712d45701""}",1775579116.948024
418c69c6-ec34-43cb-8592-f2fd1b6fcf4f,d08bcb2b-8529-4fb2-8df1-d0ba2880bbed,HUMAN,shown,trend_alert,down-streak,down-streak,2026-04-07T16:25:16.781Z,2026-04-07T16:25:16.951589+00:00,"{""client_ts"": ""2026-04-07T16:25:16.781Z"", ""element_id"": ""down-streak"", ""element_label"": ""down-streak"", ""element_type"": ""trend_alert"", ""event_name"": ""shown"", ""message"": ""Price went down 3 times in the last 5 ticks!"", ""trader_id"": ""d08bcb2b-8529-4fb2-8df1-d0ba2880bbed""}",1775579116.958311
418c69c6-ec34-43cb-8592-f2fd1b6fcf4f,e35674dc-ec96-4955-9641-275f1f5a2902,HUMAN,shown,trend_alert,down-streak,down-streak,2026-04-07T16:26:48.718Z,2026-04-07T16:26:48.813570+00:00,"{""client_ts"": ""2026-04-07T16:26:48.718Z"", ""element_id"": ""down-streak"", ""element_label"": ""down-streak"", ""element_type"": ""trend_alert"", ""event_name"": ""shown"", ""message"": ""Price went down 3 times in the last 5 ticks!"", ""trader_id"": ""e35674dc-ec96-4955-9641-275f1f5a2902""}",1775579208.823787
418c69c6-ec34-43cb-8592-f2fd1b6fcf4f,fde48bd3-7bd3-4e77-a95f-25abeea55ed0,HUMAN,shown,trend_alert,down-streak,down-streak,2026-04-07T16:26:48.718Z,2026-04-07T16:26:48.829240+00:00,"{""client_ts"": ""2026-04-07T16:26:48.718Z"", ""element_id"": ""down-streak"", ""element_label"": ""down-streak"", ""element_type"": ""trend_alert"", ""event_name"": ""shown"", ""message"": ""Price went down 3 times in the last 5 ticks!"", ""trader_id"": ""fde48bd3-7bd3-4e77-a95f-25abeea55ed0""}",1775579208.838146
418c69c6-ec34-43cb-8592-f2fd1b6fcf4f,9d53611f-f803-450c-bed2-ad0697c26298,HUMAN,shown,trend_alert,down-streak,down-streak,2026-04-07T16:26:48.719Z,2026-04-07T16:26:48.842562+00:00,"{""client_ts"": ""2026-04-07T16:26:48.719Z"", ""element_id"": ""down-streak"", ""element_label"": ""down-streak"", ""element_type"": ""trend_alert"", ""event_name"": ""shown"", ""message"": ""Price went down 3 times in the last 5 ticks!"", ""trader_id"": ""9d53611f-f803-450c-bed2-ad0697c26298""}",1775579208.852379
418c69c6-ec34-43cb-8592-f2fd1b6fcf4f,376885f3-c47c-49f0-a0be-9a38c1b06b80,HUMAN,shown,trend_alert,down-streak,down-streak,2026-04-07T16:26:48.718Z,2026-04-07T16:26:48.856476+00:00,"{""client_ts"": ""2026-04-07T16:26:48.718Z"", ""element_id"": ""down-streak"", ""element_label"": ""down-streak"", ""element_type"": ""trend_alert"", ""event_name"": ""shown"", ""message"": ""Price went down 3 times in the last 5 ticks!"", ""trader_id"": ""376885f3-c47c-49f0-a0be-9a38c1b06b80""}",1775579208.864966
418c69c6-ec34-43cb-8592-f2fd1b6fcf4f,d08bcb2b-8529-4fb2-8df1-d0ba2880bbed,HUMAN,shown,trend_alert,down-streak,down-streak,2026-04-07T16:26:48.718Z,2026-04-07T16:26:48.868975+00:00,"{""client_ts"": ""2026-04-07T16:26:48.718Z"", ""element_id"": ""down-streak"", ""element_label"": ""down-streak"", ""element_type"": ""trend_alert"", ""event_name"": ""shown"", ""message"": ""Price went down 3 times in the last 5 ticks!"", ""trader_id"": ""d08bcb2b-8529-4fb2-8df1-d0ba2880bbed""}",1775579208.87606
418c69c6-ec34-43cb-8592-f2fd1b6fcf4f,9f70b144-bb13-4260-831f-f9cb21838f0b,HUMAN,shown,trend_alert,down-streak,down-streak,2026-04-07T16:26:48.718Z,2026-04-07T16:26:48.879912+00:00,"{""client_ts"": ""2026-04-07T16:26:48.718Z"", ""element_id"": ""down-streak"", ""element_label"": ""down-streak"", ""element_type"": ""trend_alert"", ""event_name"": ""shown"", ""message"": ""Price went down 3 times in the last 5 ticks!"", ""trader_id"": ""9f70b144-bb13-4260-831f-f9cb21838f0b""}",1775579208.887373
418c69c6-ec34-43cb-8592-f2fd1b6fcf4f,022bbf5d-3d6e-47c2-9a2a-66d712d45701,HUMAN,shown,trend_alert,down-streak,down-streak,2026-04-07T16:26:48.718Z,2026-04-07T16:26:48.891305+00:00,"{""client_ts"": ""2026-04-07T16:26:48.718Z"", ""element_id"": ""down-streak"", ""element_label"": ""down-streak"", ""element_type"": ""trend_alert"", ""event_name"": ""shown"", ""message"": ""Price went down 3 times in the last 5 ticks!"", ""trader_id"": ""022bbf5d-3d6e-47c2-9a2a-66d712d45701""}",1775579208.898095
418c69c6-ec34-43cb-8592-f2fd1b6fcf4f,3f6f9d47-f2e6-44f6-8da9-2c8a16a3df63,HUMAN,shown,trend_alert,down-streak,down-streak,2026-04-07T16:26:48.718Z,2026-04-07T16:26:48.902003+00:00,"{""client_ts"": ""2026-04-07T16:26:48.718Z"", ""element_id"": ""down-streak"", ""element_label"": ""down-streak"", ""element_type"": ""trend_alert"", ""event_name"": ""shown"", ""message"": ""Price went down 3 times in the last 5 ticks!"", ""trader_id"": ""3f6f9d47-f2e6-44f6-8da9-2c8a16a3df63""}",1775579208.90991
418c69c6-ec34-43cb-8592-f2fd1b6fcf4f,9d53611f-f803-450c-bed2-ad0697c26298,HUMAN,shown,badge_unlock,bronze,Bronze,2026-04-07T16:28:31.264Z,2026-04-07T16:28:31.357490+00:00,"{""client_ts"": ""2026-04-07T16:28:31.264Z"", ""element_id"": ""bronze"", ""element_label"": ""Bronze"", ""element_type"": ""badge_unlock"", ""event_name"": ""shown"", ""total_trades_threshold"": 10, ""trader_id"": ""9d53611f-f803-450c-bed2-ad0697c26298""}",1775579311.364772
418c69c6-ec34-43cb-8592-f2fd1b6fcf4f,9d53611f-f803-450c-bed2-ad0697c26298,HUMAN,shown,badge_modal,bronze,Bronze,2026-04-07T16:28:31.264Z,2026-04-07T16:28:31.371661+00:00,"{""client_ts"": ""2026-04-07T16:28:31.264Z"", ""element_id"": ""bronze"", ""element_label"": ""Bronze"", ""element_type"": ""badge_modal"", ""event_name"": ""shown"", ""message"": ""Level up! Doing well"", ""total_trades"": 10, ""trader_id"": ""9d53611f-f803-450c-bed2-ad0697c26298""}",1775579311.378536
418c69c6-ec34-43cb-8592-f2fd1b6fcf4f,9d53611f-f803-450c-bed2-ad0697c26298,HUMAN,shown,badge_gif,bronze,Bronze,2026-04-07T16:28:31.264Z,2026-04-07T16:28:31.384583+00:00,"{""client_ts"": ""2026-04-07T16:28:31.264Z"", ""element_id"": ""bronze"", ""element_label"": ""Bronze"", ""element_type"": ""badge_gif"", ""event_name"": ""shown"", ""gif"": ""/static/trader_bridge_app/vue/assets/bronze.gif"", ""trader_id"": ""9d53611f-f803-450c-bed2-ad0697c26298""}",1775579311.391339
418c69c6-ec34-43cb-8592-f2fd1b6fcf4f,9f70b144-bb13-4260-831f-f9cb21838f0b,HUMAN,shown,badge_unlock,bronze,Bronze,2026-04-07T16:30:07.550Z,2026-04-07T16:30:07.644882+00:00,"{""client_ts"": ""2026-04-07T16:30:07.550Z"", ""element_id"": ""bronze"", ""element_label"": ""Bronze"", ""element_type"": ""badge_unlock"", ""event_name"": ""shown"", ""total_trades_threshold"": 10, ""trader_id"": ""9f70b144-bb13-4260-831f-f9cb21838f0b""}",1775579407.652472
418c69c6-ec34-43cb-8592-f2fd1b6fcf4f,9f70b144-bb13-4260-831f-f9cb21838f0b,HUMAN,shown,badge_modal,bronze,Bronze,2026-04-07T16:30:07.550Z,2026-04-07T16:30:07.656851+00:00,"{""client_ts"": ""2026-04-07T16:30:07.550Z"", ""element_id"": ""bronze"", ""element_label"": ""Bronze"", ""element_type"": ""badge_modal"", ""event_name"": ""shown"", ""message"": ""Level up! Doing well"", ""total_trades"": 10, ""trader_id"": ""9f70b144-bb13-4260-831f-f9cb21838f0b""}",1775579407.663576
418c69c6-ec34-43cb-8592-f2fd1b6fcf4f,9f70b144-bb13-4260-831f-f9cb21838f0b,HUMAN,shown,badge_gif,bronze,Bronze,2026-04-07T16:30:07.550Z,2026-04-07T16:30:07.667657+00:00,"{""client_ts"": ""2026-04-07T16:30:07.550Z"", ""element_id"": ""bronze"", ""element_label"": ""Bronze"", ""element_type"": ""badge_gif"", ""event_name"": ""shown"", ""gif"": ""/static/trader_bridge_app/vue/assets/bronze.gif"", ""trader_id"": ""9f70b144-bb13-4260-831f-f9cb21838f0b""}",1775579407.674436
418c69c6-ec34-43cb-8592-f2fd1b6fcf4f,3f6f9d47-f2e6-44f6-8da9-2c8a16a3df63,HUMAN,shown,trend_alert,down-streak,down-streak,2026-04-07T16:31:19.389Z,2026-04-07T16:31:19.482012+00:00,"{""client_ts"": ""2026-04-07T16:31:19.389Z"", ""element_id"": ""down-streak"", ""element_label"": ""down-streak"", ""element_type"": ""trend_alert"", ""event_name"": ""shown"", ""message"": ""Price went down 3 times in the last 5 ticks!"", ""trader_id"": ""3f6f9d47-f2e6-44f6-8da9-2c8a16a3df63""}",1775579479.489096
418c69c6-ec34-43cb-8592-f2fd1b6fcf4f,376885f3-c47c-49f0-a0be-9a38c1b06b80,HUMAN,shown,trend_alert,down-streak,down-streak,2026-04-07T16:31:19.389Z,2026-04-07T16:31:19.493950+00:00,"{""client_ts"": ""2026-04-07T16:31:19.389Z"", ""element_id"": ""down-streak"", ""element_label"": ""down-streak"", ""element_type"": ""trend_alert"", ""event_name"": ""shown"", ""message"": ""Price went down 3 times in the last 5 ticks!"", ""trader_id"": ""376885f3-c47c-49f0-a0be-9a38c1b06b80""}",1775579479.500699
418c69c6-ec34-43cb-8592-f2fd1b6fcf4f,e35674dc-ec96-4955-9641-275f1f5a2902,HUMAN,shown,trend_alert,down-streak,down-streak,2026-04-07T16:31:19.389Z,2026-04-07T16:31:19.504068+00:00,"{""client_ts"": ""2026-04-07T16:31:19.389Z"", ""element_id"": ""down-streak"", ""element_label"": ""down-streak"", ""element_type"": ""trend_alert"", ""event_name"": ""shown"", ""message"": ""Price went down 3 times in the last 5 ticks!"", ""trader_id"": ""e35674dc-ec96-4955-9641-275f1f5a2902""}",1775579479.510999
418c69c6-ec34-43cb-8592-f2fd1b6fcf4f,fde48bd3-7bd3-4e77-a95f-25abeea55ed0,HUMAN,shown,trend_alert,down-streak,down-streak,2026-04-07T16:31:19.389Z,2026-04-07T16:31:19.514674+00:00,"{""client_ts"": ""2026-04-07T16:31:19.389Z"", ""element_id"": ""down-streak"", ""element_label"": ""down-streak"", ""element_type"": ""trend_alert"", ""event_name"": ""shown"", ""message"": ""Price went down 3 times in the last 5 ticks!"", ""trader_id"": ""fde48bd3-7bd3-4e77-a95f-25abeea55ed0""}",1775579479.521191
418c69c6-ec34-43cb-8592-f2fd1b6fcf4f,9d53611f-f803-450c-bed2-ad0697c26298,HUMAN,shown,trend_alert,down-streak,down-streak,2026-04-07T16:31:19.389Z,2026-04-07T16:31:19.524952+00:00,"{""client_ts"": ""2026-04-07T16:31:19.389Z"", ""element_id"": ""down-streak"", ""element_label"": ""down-streak"", ""element_type"": ""trend_alert"", ""event_name"": ""shown"", ""message"": ""Price went down 3 times in the last 5 ticks!"", ""trader_id"": ""9d53611f-f803-450c-bed2-ad0697c26298""}",1775579479.53153
418c69c6-ec34-43cb-8592-f2fd1b6fcf4f,9f70b144-bb13-4260-831f-f9cb21838f0b,HUMAN,shown,trend_alert,down-streak,down-streak,2026-04-07T16:31:19.397Z,2026-04-07T16:31:19.535742+00:00,"{""client_ts"": ""2026-04-07T16:31:19.397Z"", ""element_id"": ""down-streak"", ""element_label"": ""down-streak"", ""element_type"": ""trend_alert"", ""event_name"": ""shown"", ""message"": ""Price went down 3 times in the last 5 ticks!"", ""trader_id"": ""9f70b144-bb13-4260-831f-f9cb21838f0b""}",1775579479.542274
418c69c6-ec34-43cb-8592-f2fd1b6fcf4f,022bbf5d-3d6e-47c2-9a2a-66d712d45701,HUMAN,shown,trend_alert,down-streak,down-streak,2026-04-07T16:31:19.389Z,2026-04-07T16:31:19.545860+00:00,"{""client_ts"": ""2026-04-07T16:31:19.389Z"", ""element_id"": ""down-streak"", ""element_label"": ""down-streak"", ""element_type"": ""trend_alert"", ""event_name"": ""shown"", ""message"": ""Price went down 3 times in the last 5 ticks!"", ""trader_id"": ""022bbf5d-3d6e-47c2-9a2a-66d712d45701""}",1775579479.552787
418c69c6-ec34-43cb-8592-f2fd1b6fcf4f,d08bcb2b-8529-4fb2-8df1-d0ba2880bbed,HUMAN,shown,trend_alert,down-streak,down-streak,2026-04-07T16:31:19.399Z,2026-04-07T16:31:19.556308+00:00,"{""client_ts"": ""2026-04-07T16:31:19.399Z"", ""element_id"": ""down-streak"", ""element_label"": ""down-streak"", ""element_type"": ""trend_alert"", ""event_name"": ""shown"", ""message"": ""Price went down 3 times in the last 5 ticks!"", ""trader_id"": ""d08bcb2b-8529-4fb2-8df1-d0ba2880bbed""}",1775579479.562902
418c69c6-ec34-43cb-8592-f2fd1b6fcf4f,3f6f9d47-f2e6-44f6-8da9-2c8a16a3df63,HUMAN,shown,badge_unlock,bronze,Bronze,2026-04-07T16:34:17.425Z,2026-04-07T16:34:17.517314+00:00,"{""client_ts"": ""2026-04-07T16:34:17.425Z"", ""element_id"": ""bronze"", ""element_label"": ""Bronze"", ""element_type"": ""badge_unlock"", ""event_name"": ""shown"", ""total_trades_threshold"": 10, ""trader_id"": ""3f6f9d47-f2e6-44f6-8da9-2c8a16a3df63""}",1775579657.531415
418c69c6-ec34-43cb-8592-f2fd1b6fcf4f,3f6f9d47-f2e6-44f6-8da9-2c8a16a3df63,HUMAN,shown,badge_modal,bronze,Bronze,2026-04-07T16:34:17.425Z,2026-04-07T16:34:17.541443+00:00,"{""client_ts"": ""2026-04-07T16:34:17.425Z"", ""element_id"": ""bronze"", ""element_label"": ""Bronze"", ""element_type"": ""badge_modal"", ""event_name"": ""shown"", ""message"": ""Level up! Doing well"", ""total_trades"": 10, ""trader_id"": ""3f6f9d47-f2e6-44f6-8da9-2c8a16a3df63""}",1775579657.549551
418c69c6-ec34-43cb-8592-f2fd1b6fcf4f,fde48bd3-7bd3-4e77-a95f-25abeea55ed0,HUMAN,shown,badge_unlock,bronze,Bronze,2026-04-07T16:34:17.442Z,2026-04-07T16:34:17.553435+00:00,"{""client_ts"": ""2026-04-07T16:34:17.442Z"", ""element_id"": ""bronze"", ""element_label"": ""Bronze"", ""element_type"": ""badge_unlock"", ""event_name"": ""shown"", ""total_trades_threshold"": 10, ""trader_id"": ""fde48bd3-7bd3-4e77-a95f-25abeea55ed0""}",1775579657.560818
418c69c6-ec34-43cb-8592-f2fd1b6fcf4f,3f6f9d47-f2e6-44f6-8da9-2c8a16a3df63,HUMAN,shown,badge_gif,bronze,Bronze,2026-04-07T16:34:17.425Z,2026-04-07T16:34:17.572150+00:00,"{""client_ts"": ""2026-04-07T16:34:17.425Z"", ""element_id"": ""bronze"", ""element_label"": ""Bronze"", ""element_type"": ""badge_gif"", ""event_name"": ""shown"", ""gif"": ""/static/trader_bridge_app/vue/assets/bronze.gif"", ""trader_id"": ""3f6f9d47-f2e6-44f6-8da9-2c8a16a3df63""}",1775579657.579495
418c69c6-ec34-43cb-8592-f2fd1b6fcf4f,fde48bd3-7bd3-4e77-a95f-25abeea55ed0,HUMAN,shown,badge_modal,bronze,Bronze,2026-04-07T16:34:17.442Z,2026-04-07T16:34:17.583366+00:00,"{""client_ts"": ""2026-04-07T16:34:17.442Z"", ""element_id"": ""bronze"", ""element_label"": ""Bronze"", ""element_type"": ""badge_modal"", ""event_name"": ""shown"", ""message"": ""Level up! Doing well"", ""total_trades"": 10, ""trader_id"": ""fde48bd3-7bd3-4e77-a95f-25abeea55ed0""}",1775579657.591503
418c69c6-ec34-43cb-8592-f2fd1b6fcf4f,fde48bd3-7bd3-4e77-a95f-25abeea55ed0,HUMAN,shown,badge_gif,bronze,Bronze,2026-04-07T16:34:17.442Z,2026-04-07T16:34:17.595996+00:00,"{""client_ts"": ""2026-04-07T16:34:17.442Z"", ""element_id"": ""bronze"", ""element_label"": ""Bronze"", ""element_type"": ""badge_gif"", ""event_name"": ""shown"", ""gif"": ""/static/trader_bridge_app/vue/assets/bronze.gif"", ""trader_id"": ""fde48bd3-7bd3-4e77-a95f-25abeea55ed0""}",1775579657.603467
418c69c6-ec34-43cb-8592-f2fd1b6fcf4f,376885f3-c47c-49f0-a0be-9a38c1b06b80,HUMAN,shown,badge_unlock,bronze,Bronze,2026-04-07T16:34:35.354Z,2026-04-07T16:34:35.446755+00:00,"{""client_ts"": ""2026-04-07T16:34:35.354Z"", ""element_id"": ""bronze"", ""element_label"": ""Bronze"", ""element_type"": ""badge_unlock"", ""event_name"": ""shown"", ""total_trades_threshold"": 10, ""trader_id"": ""376885f3-c47c-49f0-a0be-9a38c1b06b80""}",1775579675.455176
418c69c6-ec34-43cb-8592-f2fd1b6fcf4f,376885f3-c47c-49f0-a0be-9a38c1b06b80,HUMAN,shown,badge_modal,bronze,Bronze,2026-04-07T16:34:35.354Z,2026-04-07T16:34:35.462849+00:00,"{""client_ts"": ""2026-04-07T16:34:35.354Z"", ""element_id"": ""bronze"", ""element_label"": ""Bronze"", ""element_type"": ""badge_modal"", ""event_name"": ""shown"", ""message"": ""Level up! Doing well"", ""total_trades"": 10, ""trader_id"": ""376885f3-c47c-49f0-a0be-9a38c1b06b80""}",1775579675.469512
418c69c6-ec34-43cb-8592-f2fd1b6fcf4f,376885f3-c47c-49f0-a0be-9a38c1b06b80,HUMAN,shown,badge_gif,bronze,Bronze,2026-04-07T16:34:35.354Z,2026-04-07T16:34:35.479233+00:00,"{""client_ts"": ""2026-04-07T16:34:35.354Z"", ""element_id"": ""bronze"", ""element_label"": ""Bronze"", ""element_type"": ""badge_gif"", ""event_name"": ""shown"", ""gif"": ""/static/trader_bridge_app/vue/assets/bronze.gif"", ""trader_id"": ""376885f3-c47c-49f0-a0be-9a38c1b06b80""}",1775579675.486785
418c69c6-ec34-43cb-8592-f2fd1b6fcf4f,022bbf5d-3d6e-47c2-9a2a-66d712d45701,HUMAN,shown,badge_unlock,bronze,Bronze,2026-04-07T16:34:39.514Z,2026-04-07T16:34:39.606712+00:00,"{""client_ts"": ""2026-04-07T16:34:39.514Z"", ""element_id"": ""bronze"", ""element_label"": ""Bronze"", ""element_type"": ""badge_unlock"", ""event_name"": ""shown"", ""total_trades_threshold"": 10, ""trader_id"": ""022bbf5d-3d6e-47c2-9a2a-66d712d45701""}",1775579679.61353
418c69c6-ec34-43cb-8592-f2fd1b6fcf4f,022bbf5d-3d6e-47c2-9a2a-66d712d45701,HUMAN,shown,badge_modal,bronze,Bronze,2026-04-07T16:34:39.514Z,2026-04-07T16:34:39.617697+00:00,"{""client_ts"": ""2026-04-07T16:34:39.514Z"", ""element_id"": ""bronze"", ""element_label"": ""Bronze"", ""element_type"": ""badge_modal"", ""event_name"": ""shown"", ""message"": ""Level up! Doing well"", ""total_trades"": 10, ""trader_id"": ""022bbf5d-3d6e-47c2-9a2a-66d712d45701""}",1775579679.624393
418c69c6-ec34-43cb-8592-f2fd1b6fcf4f,022bbf5d-3d6e-47c2-9a2a-66d712d45701,HUMAN,shown,badge_gif,bronze,Bronze,2026-04-07T16:34:39.514Z,2026-04-07T16:34:39.628402+00:00,"{""client_ts"": ""2026-04-07T16:34:39.514Z"", ""element_id"": ""bronze"", ""element_label"": ""Bronze"", ""element_type"": ""badge_gif"", ""event_name"": ""shown"", ""gif"": ""/static/trader_bridge_app/vue/assets/bronze.gif"", ""trader_id"": ""022bbf5d-3d6e-47c2-9a2a-66d712d45701""}",1775579679.636081
418c69c6-ec34-43cb-8592-f2fd1b6fcf4f,9d53611f-f803-450c-bed2-ad0697c26298,HUMAN,shown,badge_unlock,silver,Silver,2026-04-07T16:37:26.388Z,2026-04-07T16:37:26.491843+00:00,"{""client_ts"": ""2026-04-07T16:37:26.388Z"", ""element_id"": ""silver"", ""element_label"": ""Silver"", ""element_type"": ""badge_unlock"", ""event_name"": ""shown"", ""total_trades_threshold"": 15, ""trader_id"": ""9d53611f-f803-450c-bed2-ad0697c26298""}",1775579846.499511
418c69c6-ec34-43cb-8592-f2fd1b6fcf4f,9d53611f-f803-450c-bed2-ad0697c26298,HUMAN,shown,badge_modal,silver,Silver,2026-04-07T16:37:26.388Z,2026-04-07T16:37:26.504690+00:00,"{""client_ts"": ""2026-04-07T16:37:26.388Z"", ""element_id"": ""silver"", ""element_label"": ""Silver"", ""element_type"": ""badge_modal"", ""event_name"": ""shown"", ""message"": ""You belong on the trading floor!"", ""total_trades"": 15, ""trader_id"": ""9d53611f-f803-450c-bed2-ad0697c26298""}",1775579846.511953
418c69c6-ec34-43cb-8592-f2fd1b6fcf4f,9d53611f-f803-450c-bed2-ad0697c26298,HUMAN,shown,badge_gif,silver,Silver,2026-04-07T16:37:26.388Z,2026-04-07T16:37:26.515987+00:00,"{""client_ts"": ""2026-04-07T16:37:26.388Z"", ""element_id"": ""silver"", ""element_label"": ""Silver"", ""element_type"": ""badge_gif"", ""event_name"": ""shown"", ""gif"": ""/static/trader_bridge_app/vue/assets/silver.gif"", ""trader_id"": ""9d53611f-f803-450c-bed2-ad0697c26298""}",1775579846.523061
418c69c6-ec34-43cb-8592-f2fd1b6fcf4f,fde48bd3-7bd3-4e77-a95f-25abeea55ed0,HUMAN,shown,badge_unlock,silver,Silver,2026-04-07T16:38:44.554Z,2026-04-07T16:38:44.652407+00:00,"{""client_ts"": ""2026-04-07T16:38:44.554Z"", ""element_id"": ""silver"", ""element_label"": ""Silver"", ""element_type"": ""badge_unlock"", ""event_name"": ""shown"", ""total_trades_threshold"": 15, ""trader_id"": ""fde48bd3-7bd3-4e77-a95f-25abeea55ed0""}",1775579924.660004
418c69c6-ec34-43cb-8592-f2fd1b6fcf4f,fde48bd3-7bd3-4e77-a95f-25abeea55ed0,HUMAN,shown,badge_modal,silver,Silver,2026-04-07T16:38:44.554Z,2026-04-07T16:38:44.664688+00:00,"{""client_ts"": ""2026-04-07T16:38:44.554Z"", ""element_id"": ""silver"", ""element_label"": ""Silver"", ""element_type"": ""badge_modal"", ""event_name"": ""shown"", ""message"": ""You belong on the trading floor!"", ""total_trades"": 15, ""trader_id"": ""fde48bd3-7bd3-4e77-a95f-25abeea55ed0""}",1775579924.675935
418c69c6-ec34-43cb-8592-f2fd1b6fcf4f,fde48bd3-7bd3-4e77-a95f-25abeea55ed0,HUMAN,shown,badge_gif,silver,Silver,2026-04-07T16:38:44.554Z,2026-04-07T16:38:44.680283+00:00,"{""client_ts"": ""2026-04-07T16:38:44.554Z"", ""element_id"": ""silver"", ""element_label"": ""Silver"", ""element_type"": ""badge_gif"", ""event_name"": ""shown"", ""gif"": ""/static/trader_bridge_app/vue/assets/silver.gif"", ""trader_id"": ""fde48bd3-7bd3-4e77-a95f-25abeea55ed0""}",1775579924.687494
03af9f8b-508e-452c-9c35-0eeba0e3b3cc,5ce597fa-5f3d-45d1-9de6-95be128b374b,HUMAN,shown,trend_alert,down-streak,down-streak,2026-04-07T16:42:18.935Z,2026-04-07T16:42:19.895311+00:00,"{""client_ts"": ""2026-04-07T16:42:18.935Z"", ""element_id"": ""down-streak"", ""element_label"": ""down-streak"", ""element_type"": ""trend_alert"", ""event_name"": ""shown"", ""message"": ""Price went down 3 times in the last 4 ticks!"", ""trader_id"": ""5ce597fa-5f3d-45d1-9de6-95be128b374b""}",1775580139.903196
03af9f8b-508e-452c-9c35-0eeba0e3b3cc,e467cb8d-10d2-48db-935f-2418d69da971,HUMAN,shown,trend_alert,down-streak,down-streak,2026-04-07T16:42:18.937Z,2026-04-07T16:42:19.907027+00:00,"{""client_ts"": ""2026-04-07T16:42:18.937Z"", ""element_id"": ""down-streak"", ""element_label"": ""down-streak"", ""element_type"": ""trend_alert"", ""event_name"": ""shown"", ""message"": ""Price went down 3 times in the last 4 ticks!"", ""trader_id"": ""e467cb8d-10d2-48db-935f-2418d69da971""}",1775580139.914051
03af9f8b-508e-452c-9c35-0eeba0e3b3cc,9697f7a1-e2e7-4427-8b7e-fb165a1ab72c,HUMAN,shown,trend_alert,down-streak,down-streak,2026-04-07T16:42:18.935Z,2026-04-07T16:42:19.918212+00:00,"{""client_ts"": ""2026-04-07T16:42:18.935Z"", ""element_id"": ""down-streak"", ""element_label"": ""down-streak"", ""element_type"": ""trend_alert"", ""event_name"": ""shown"", ""message"": ""Price went down 3 times in the last 4 ticks!"", ""trader_id"": ""9697f7a1-e2e7-4427-8b7e-fb165a1ab72c""}",1775580139.925815
03af9f8b-508e-452c-9c35-0eeba0e3b3cc,8fc4cd9a-1fbb-43de-85ce-82cb99d02a2a,HUMAN,shown,trend_alert,down-streak,down-streak,2026-04-07T16:42:18.937Z,2026-04-07T16:42:19.929896+00:00,"{""client_ts"": ""2026-04-07T16:42:18.937Z"", ""element_id"": ""down-streak"", ""element_label"": ""down-streak"", ""element_type"": ""trend_alert"", ""event_name"": ""shown"", ""message"": ""Price went down 3 times in the last 4 ticks!"", ""trader_id"": ""8fc4cd9a-1fbb-43de-85ce-82cb99d02a2a""}",1775580139.937087
03af9f8b-508e-452c-9c35-0eeba0e3b3cc,4b39ad0b-8a75-4ba9-9d24-05dd32fad900,HUMAN,shown,trend_alert,down-streak,down-streak,2026-04-07T16:42:18.937Z,2026-04-07T16:42:19.940916+00:00,"{""client_ts"": ""2026-04-07T16:42:18.937Z"", ""element_id"": ""down-streak"", ""element_label"": ""down-streak"", ""element_type"": ""trend_alert"", ""event_name"": ""shown"", ""message"": ""Price went down 3 times in the last 4 ticks!"", ""trader_id"": ""4b39ad0b-8a75-4ba9-9d24-05dd32fad900""}",1775580139.952908
03af9f8b-508e-452c-9c35-0eeba0e3b3cc,6e0cda1c-f51b-4272-8648-67e646ea1f31,HUMAN,shown,trend_alert,down-streak,down-streak,2026-04-07T16:42:18.936Z,2026-04-07T16:42:19.959739+00:00,"{""client_ts"": ""2026-04-07T16:42:18.936Z"", ""element_id"": ""down-streak"", ""element_label"": ""down-streak"", ""element_type"": ""trend_alert"", ""event_name"": ""shown"", ""message"": ""Price went down 3 times in the last 4 ticks!"", ""trader_id"": ""6e0cda1c-f51b-4272-8648-67e646ea1f31""}",1775580139.967073
03af9f8b-508e-452c-9c35-0eeba0e3b3cc,8fc4cd9a-1fbb-43de-85ce-82cb99d02a2a,HUMAN,shown,trend_alert,up-streak,up-streak,2026-04-07T16:42:47.988Z,2026-04-07T16:42:48.090644+00:00,"{""client_ts"": ""2026-04-07T16:42:47.988Z"", ""element_id"": ""up-streak"", ""element_label"": ""up-streak"", ""element_type"": ""trend_alert"", ""event_name"": ""shown"", ""message"": ""Price went up 3 times in the last 5 ticks!"", ""trader_id"": ""8fc4cd9a-1fbb-43de-85ce-82cb99d02a2a""}",1775580168.098073
03af9f8b-508e-452c-9c35-0eeba0e3b3cc,9697f7a1-e2e7-4427-8b7e-fb165a1ab72c,HUMAN,shown,trend_alert,up-streak,up-streak,2026-04-07T16:42:47.989Z,2026-04-07T16:42:48.103583+00:00,"{""client_ts"": ""2026-04-07T16:42:47.989Z"", ""element_id"": ""up-streak"", ""element_label"": ""up-streak"", ""element_type"": ""trend_alert"", ""event_name"": ""shown"", ""message"": ""Price went up 3 times in the last 5 ticks!"", ""trader_id"": ""9697f7a1-e2e7-4427-8b7e-fb165a1ab72c""}",1775580168.11192
03af9f8b-508e-452c-9c35-0eeba0e3b3cc,5ce597fa-5f3d-45d1-9de6-95be128b374b,HUMAN,shown,trend_alert,up-streak,up-streak,2026-04-07T16:42:47.989Z,2026-04-07T16:42:48.115563+00:00,"{""client_ts"": ""2026-04-07T16:42:47.989Z"", ""element_id"": ""up-streak"", ""element_label"": ""up-streak"", ""element_type"": ""trend_alert"", ""event_name"": ""shown"", ""message"": ""Price went up 3 times in the last 5 ticks!"", ""trader_id"": ""5ce597fa-5f3d-45d1-9de6-95be128b374b""}",1775580168.123224
03af9f8b-508e-452c-9c35-0eeba0e3b3cc,e467cb8d-10d2-48db-935f-2418d69da971,HUMAN,shown,trend_alert,up-streak,up-streak,2026-04-07T16:42:47.989Z,2026-04-07T16:42:48.126845+00:00,"{""client_ts"": ""2026-04-07T16:42:47.989Z"", ""element_id"": ""up-streak"", ""element_label"": ""up-streak"", ""element_type"": ""trend_alert"", ""event_name"": ""shown"", ""message"": ""Price went up 3 times in the last 5 ticks!"", ""trader_id"": ""e467cb8d-10d2-48db-935f-2418d69da971""}",1775580168.134002
03af9f8b-508e-452c-9c35-0eeba0e3b3cc,3fe9607c-4723-4d14-a5b2-7580b114fb2f,HUMAN,shown,trend_alert,up-streak,up-streak,2026-04-07T16:42:47.988Z,2026-04-07T16:42:48.137787+00:00,"{""client_ts"": ""2026-04-07T16:42:47.988Z"", ""element_id"": ""up-streak"", ""element_label"": ""up-streak"", ""element_type"": ""trend_alert"", ""event_name"": ""shown"", ""message"": ""Price went up 3 times in the last 5 ticks!"", ""trader_id"": ""3fe9607c-4723-4d14-a5b2-7580b114fb2f""}",1775580168.14496
03af9f8b-508e-452c-9c35-0eeba0e3b3cc,4b39ad0b-8a75-4ba9-9d24-05dd32fad900,HUMAN,shown,trend_alert,up-streak,up-streak,2026-04-07T16:42:47.989Z,2026-04-07T16:42:48.148764+00:00,"{""client_ts"": ""2026-04-07T16:42:47.989Z"", ""element_id"": ""up-streak"", ""element_label"": ""up-streak"", ""element_type"": ""trend_alert"", ""event_name"": ""shown"", ""message"": ""Price went up 3 times in the last 5 ticks!"", ""trader_id"": ""4b39ad0b-8a75-4ba9-9d24-05dd32fad900""}",1775580168.156081
03af9f8b-508e-452c-9c35-0eeba0e3b3cc,53beb2da-e31f-4578-baa8-2d398cbc80d4,HUMAN,shown,trend_alert,up-streak,up-streak,2026-04-07T16:42:47.990Z,2026-04-07T16:42:48.161421+00:00,"{""client_ts"": ""2026-04-07T16:42:47.990Z"", ""element_id"": ""up-streak"", ""element_label"": ""up-streak"", ""element_type"": ""trend_alert"", ""event_name"": ""shown"", ""message"": ""Price went up 3 times in the last 5 ticks!"", ""trader_id"": ""53beb2da-e31f-4578-baa8-2d398cbc80d4""}",1775580168.172729
03af9f8b-508e-452c-9c35-0eeba0e3b3cc,6e0cda1c-f51b-4272-8648-67e646ea1f31,HUMAN,shown,trend_alert,up-streak,up-streak,2026-04-07T16:42:47.988Z,2026-04-07T16:42:48.177316+00:00,"{""client_ts"": ""2026-04-07T16:42:47.988Z"", ""element_id"": ""up-streak"", ""element_label"": ""up-streak"", ""element_type"": ""trend_alert"", ""event_name"": ""shown"", ""message"": ""Price went up 3 times in the last 5 ticks!"", ""trader_id"": ""6e0cda1c-f51b-4272-8648-67e646ea1f31""}",1775580168.184612
03af9f8b-508e-452c-9c35-0eeba0e3b3cc,53beb2da-e31f-4578-baa8-2d398cbc80d4,HUMAN,shown,badge_unlock,bronze,Bronze,2026-04-07T16:47:09.747Z,2026-04-07T16:47:09.849033+00:00,"{""client_ts"": ""2026-04-07T16:47:09.747Z"", ""element_id"": ""bronze"", ""element_label"": ""Bronze"", ""element_type"": ""badge_unlock"", ""event_name"": ""shown"", ""total_trades_threshold"": 10, ""trader_id"": ""53beb2da-e31f-4578-baa8-2d398cbc80d4""}",1775580429.856359
03af9f8b-508e-452c-9c35-0eeba0e3b3cc,53beb2da-e31f-4578-baa8-2d398cbc80d4,HUMAN,shown,badge_modal,bronze,Bronze,2026-04-07T16:47:09.747Z,2026-04-07T16:47:09.860869+00:00,"{""client_ts"": ""2026-04-07T16:47:09.747Z"", ""element_id"": ""bronze"", ""element_label"": ""Bronze"", ""element_type"": ""badge_modal"", ""event_name"": ""shown"", ""message"": ""Level up! Doing well"", ""total_trades"": 10, ""trader_id"": ""53beb2da-e31f-4578-baa8-2d398cbc80d4""}",1775580429.868013
03af9f8b-508e-452c-9c35-0eeba0e3b3cc,53beb2da-e31f-4578-baa8-2d398cbc80d4,HUMAN,shown,badge_gif,bronze,Bronze,2026-04-07T16:47:09.747Z,2026-04-07T16:47:09.873010+00:00,"{""client_ts"": ""2026-04-07T16:47:09.747Z"", ""element_id"": ""bronze"", ""element_label"": ""Bronze"", ""element_type"": ""badge_gif"", ""event_name"": ""shown"", ""gif"": ""/static/trader_bridge_app/vue/assets/bronze.gif"", ""trader_id"": ""53beb2da-e31f-4578-baa8-2d398cbc80d4""}",1775580429.880153
03af9f8b-508e-452c-9c35-0eeba0e3b3cc,53beb2da-e31f-4578-baa8-2d398cbc80d4,HUMAN,shown,trend_alert,down-streak,down-streak,2026-04-07T16:47:09.768Z,2026-04-07T16:47:09.884634+00:00,"{""client_ts"": ""2026-04-07T16:47:09.768Z"", ""element_id"": ""down-streak"", ""element_label"": ""down-streak"", ""element_type"": ""trend_alert"", ""event_name"": ""shown"", ""message"": ""Price went down 3 times in the last 5 ticks!"", ""trader_id"": ""53beb2da-e31f-4578-baa8-2d398cbc80d4""}",1775580429.891926
03af9f8b-508e-452c-9c35-0eeba0e3b3cc,4b39ad0b-8a75-4ba9-9d24-05dd32fad900,HUMAN,shown,trend_alert,down-streak,down-streak,2026-04-07T16:47:09.769Z,2026-04-07T16:47:09.897028+00:00,"{""client_ts"": ""2026-04-07T16:47:09.769Z"", ""element_id"": ""down-streak"", ""element_label"": ""down-streak"", ""element_type"": ""trend_alert"", ""event_name"": ""shown"", ""message"": ""Price went down 3 times in the last 5 ticks!"", ""trader_id"": ""4b39ad0b-8a75-4ba9-9d24-05dd32fad900""}",1775580429.904322
03af9f8b-508e-452c-9c35-0eeba0e3b3cc,5ce597fa-5f3d-45d1-9de6-95be128b374b,HUMAN,shown,trend_alert,down-streak,down-streak,2026-04-07T16:47:09.769Z,2026-04-07T16:47:09.908232+00:00,"{""client_ts"": ""2026-04-07T16:47:09.769Z"", ""element_id"": ""down-streak"", ""element_label"": ""down-streak"", ""element_type"": ""trend_alert"", ""event_name"": ""shown"", ""message"": ""Price went down 3 times in the last 5 ticks!"", ""trader_id"": ""5ce597fa-5f3d-45d1-9de6-95be128b374b""}",1775580429.920595
03af9f8b-508e-452c-9c35-0eeba0e3b3cc,8fc4cd9a-1fbb-43de-85ce-82cb99d02a2a,HUMAN,shown,trend_alert,down-streak,down-streak,2026-04-07T16:47:09.768Z,2026-04-07T16:47:09.926032+00:00,"{""client_ts"": ""2026-04-07T16:47:09.768Z"", ""element_id"": ""down-streak"", ""element_label"": ""down-streak"", ""element_type"": ""trend_alert"", ""event_name"": ""shown"", ""message"": ""Price went down 3 times in the last 5 ticks!"", ""trader_id"": ""8fc4cd9a-1fbb-43de-85ce-82cb99d02a2a""}",1775580429.951547
03af9f8b-508e-452c-9c35-0eeba0e3b3cc,6e0cda1c-f51b-4272-8648-67e646ea1f31,HUMAN,shown,trend_alert,down-streak,down-streak,2026-04-07T16:47:09.768Z,2026-04-07T16:47:09.955998+00:00,"{""client_ts"": ""2026-04-07T16:47:09.768Z"", ""element_id"": ""down-streak"", ""element_label"": ""down-streak"", ""element_type"": ""trend_alert"", ""event_name"": ""shown"", ""message"": ""Price went down 3 times in the last 5 ticks!"", ""trader_id"": ""6e0cda1c-f51b-4272-8648-67e646ea1f31""}",1775580429.96711
03af9f8b-508e-452c-9c35-0eeba0e3b3cc,9697f7a1-e2e7-4427-8b7e-fb165a1ab72c,HUMAN,shown,trend_alert,down-streak,down-streak,2026-04-07T16:47:09.769Z,2026-04-07T16:47:09.972460+00:00,"{""client_ts"": ""2026-04-07T16:47:09.769Z"", ""element_id"": ""down-streak"", ""element_label"": ""down-streak"", ""element_type"": ""trend_alert"", ""event_name"": ""shown"", ""message"": ""Price went down 3 times in the last 5 ticks!"", ""trader_id"": ""9697f7a1-e2e7-4427-8b7e-fb165a1ab72c""}",1775580429.979818
03af9f8b-508e-452c-9c35-0eeba0e3b3cc,e467cb8d-10d2-48db-935f-2418d69da971,HUMAN,shown,trend_alert,down-streak,down-streak,2026-04-07T16:47:09.771Z,2026-04-07T16:47:09.986073+00:00,"{""client_ts"": ""2026-04-07T16:47:09.771Z"", ""element_id"": ""down-streak"", ""element_label"": ""down-streak"", ""element_type"": ""trend_alert"", ""event_name"": ""shown"", ""message"": ""Price went down 3 times in the last 5 ticks!"", ""trader_id"": ""e467cb8d-10d2-48db-935f-2418d69da971""}",1775580429.993343
03af9f8b-508e-452c-9c35-0eeba0e3b3cc,3fe9607c-4723-4d14-a5b2-7580b114fb2f,HUMAN,shown,trend_alert,down-streak,down-streak,2026-04-07T16:47:09.794Z,2026-04-07T16:47:10.000291+00:00,"{""client_ts"": ""2026-04-07T16:47:09.794Z"", ""element_id"": ""down-streak"", ""element_label"": ""down-streak"", ""element_type"": ""trend_alert"", ""event_name"": ""shown"", ""message"": ""Price went down 3 times in the last 5 ticks!"", ""trader_id"": ""3fe9607c-4723-4d14-a5b2-7580b114fb2f""}",1775580430.009024
03af9f8b-508e-452c-9c35-0eeba0e3b3cc,4b39ad0b-8a75-4ba9-9d24-05dd32fad900,HUMAN,shown,trend_alert,up-streak,up-streak,2026-04-07T16:47:23.288Z,2026-04-07T16:47:23.390071+00:00,"{""client_ts"": ""2026-04-07T16:47:23.288Z"", ""element_id"": ""up-streak"", ""element_label"": ""up-streak"", ""element_type"": ""trend_alert"", ""event_name"": ""shown"", ""message"": ""Price went up 3 times in the last 5 ticks!"", ""trader_id"": ""4b39ad0b-8a75-4ba9-9d24-05dd32fad900""}",1775580443.398128
03af9f8b-508e-452c-9c35-0eeba0e3b3cc,6e0cda1c-f51b-4272-8648-67e646ea1f31,HUMAN,shown,trend_alert,up-streak,up-streak,2026-04-07T16:47:23.288Z,2026-04-07T16:47:23.403503+00:00,"{""client_ts"": ""2026-04-07T16:47:23.288Z"", ""element_id"": ""up-streak"", ""element_label"": ""up-streak"", ""element_type"": ""trend_alert"", ""event_name"": ""shown"", ""message"": ""Price went up 3 times in the last 5 ticks!"", ""trader_id"": ""6e0cda1c-f51b-4272-8648-67e646ea1f31""}",1775580443.410646
03af9f8b-508e-452c-9c35-0eeba0e3b3cc,53beb2da-e31f-4578-baa8-2d398cbc80d4,HUMAN,shown,trend_alert,up-streak,up-streak,2026-04-07T16:47:23.288Z,2026-04-07T16:47:23.414426+00:00,"{""client_ts"": ""2026-04-07T16:47:23.288Z"", ""element_id"": ""up-streak"", ""element_label"": ""up-streak"", ""element_type"": ""trend_alert"", ""event_name"": ""shown"", ""message"": ""Price went up 3 times in the last 5 ticks!"", ""trader_id"": ""53beb2da-e31f-4578-baa8-2d398cbc80d4""}",1775580443.423209
03af9f8b-508e-452c-9c35-0eeba0e3b3cc,5ce597fa-5f3d-45d1-9de6-95be128b374b,HUMAN,shown,trend_alert,up-streak,up-streak,2026-04-07T16:47:23.288Z,2026-04-07T16:47:23.427218+00:00,"{""client_ts"": ""2026-04-07T16:47:23.288Z"", ""element_id"": ""up-streak"", ""element_label"": ""up-streak"", ""element_type"": ""trend_alert"", ""event_name"": ""shown"", ""message"": ""Price went up 3 times in the last 5 ticks!"", ""trader_id"": ""5ce597fa-5f3d-45d1-9de6-95be128b374b""}",1775580443.434369
03af9f8b-508e-452c-9c35-0eeba0e3b3cc,e467cb8d-10d2-48db-935f-2418d69da971,HUMAN,shown,trend_alert,up-streak,up-streak,2026-04-07T16:47:23.288Z,2026-04-07T16:47:23.438847+00:00,"{""client_ts"": ""2026-04-07T16:47:23.288Z"", ""element_id"": ""up-streak"", ""element_label"": ""up-streak"", ""element_type"": ""trend_alert"", ""event_name"": ""shown"", ""message"": ""Price went up 3 times in the last 5 ticks!"", ""trader_id"": ""e467cb8d-10d2-48db-935f-2418d69da971""}",1775580443.44598
03af9f8b-508e-452c-9c35-0eeba0e3b3cc,9697f7a1-e2e7-4427-8b7e-fb165a1ab72c,HUMAN,shown,trend_alert,up-streak,up-streak,2026-04-07T16:47:23.288Z,2026-04-07T16:47:23.449691+00:00,"{""client_ts"": ""2026-04-07T16:47:23.288Z"", ""element_id"": ""up-streak"", ""element_label"": ""up-streak"", ""element_type"": ""trend_alert"", ""event_name"": ""shown"", ""message"": ""Price went up 3 times in the last 5 ticks!"", ""trader_id"": ""9697f7a1-e2e7-4427-8b7e-fb165a1ab72c""}",1775580443.456759
03af9f8b-508e-452c-9c35-0eeba0e3b3cc,8fc4cd9a-1fbb-43de-85ce-82cb99d02a2a,HUMAN,shown,trend_alert,up-streak,up-streak,2026-04-07T16:47:23.288Z,2026-04-07T16:47:23.460389+00:00,"{""client_ts"": ""2026-04-07T16:47:23.288Z"", ""element_id"": ""up-streak"", ""element_label"": ""up-streak"", ""element_type"": ""trend_alert"", ""event_name"": ""shown"", ""message"": ""Price went up 3 times in the last 5 ticks!"", ""trader_id"": ""8fc4cd9a-1fbb-43de-85ce-82cb99d02a2a""}",1775580443.467439
03af9f8b-508e-452c-9c35-0eeba0e3b3cc,3fe9607c-4723-4d14-a5b2-7580b114fb2f,HUMAN,shown,trend_alert,up-streak,up-streak,2026-04-07T16:47:23.301Z,2026-04-07T16:47:23.471745+00:00,"{""client_ts"": ""2026-04-07T16:47:23.301Z"", ""element_id"": ""up-streak"", ""element_label"": ""up-streak"", ""element_type"": ""trend_alert"", ""event_name"": ""shown"", ""message"": ""Price went up 3 times in the last 5 ticks!"", ""trader_id"": ""3fe9607c-4723-4d14-a5b2-7580b114fb2f""}",1775580443.478809
03af9f8b-508e-452c-9c35-0eeba0e3b3cc,5ce597fa-5f3d-45d1-9de6-95be128b374b,HUMAN,shown,badge_unlock,bronze,Bronze,2026-04-07T16:48:30.380Z,2026-04-07T16:48:30.481678+00:00,"{""client_ts"": ""2026-04-07T16:48:30.380Z"", ""element_id"": ""bronze"", ""element_label"": ""Bronze"", ""element_type"": ""badge_unlock"", ""event_name"": ""shown"", ""total_trades_threshold"": 10, ""trader_id"": ""5ce597fa-5f3d-45d1-9de6-95be128b374b""}",1775580510.489278
03af9f8b-508e-452c-9c35-0eeba0e3b3cc,5ce597fa-5f3d-45d1-9de6-95be128b374b,HUMAN,shown,badge_modal,bronze,Bronze,2026-04-07T16:48:30.380Z,2026-04-07T16:48:30.493866+00:00,"{""client_ts"": ""2026-04-07T16:48:30.380Z"", ""element_id"": ""bronze"", ""element_label"": ""Bronze"", ""element_type"": ""badge_modal"", ""event_name"": ""shown"", ""message"": ""Level up! Doing well"", ""total_trades"": 10, ""trader_id"": ""5ce597fa-5f3d-45d1-9de6-95be128b374b""}",1775580510.501169
03af9f8b-508e-452c-9c35-0eeba0e3b3cc,5ce597fa-5f3d-45d1-9de6-95be128b374b,HUMAN,shown,badge_gif,bronze,Bronze,2026-04-07T16:48:30.380Z,2026-04-07T16:48:30.508448+00:00,"{""client_ts"": ""2026-04-07T16:48:30.380Z"", ""element_id"": ""bronze"", ""element_label"": ""Bronze"", ""element_type"": ""badge_gif"", ""event_name"": ""shown"", ""gif"": ""/static/trader_bridge_app/vue/assets/bronze.gif"", ""trader_id"": ""5ce597fa-5f3d-45d1-9de6-95be128b374b""}",1775580510.516244
03af9f8b-508e-452c-9c35-0eeba0e3b3cc,5ce597fa-5f3d-45d1-9de6-95be128b374b,HUMAN,shown,trend_alert,down-streak,down-streak,2026-04-07T16:48:30.402Z,2026-04-07T16:48:30.520548+00:00,"{""client_ts"": ""2026-04-07T16:48:30.402Z"", ""element_id"": ""down-streak"", ""element_label"": ""down-streak"", ""element_type"": ""trend_alert"", ""event_name"": ""shown"", ""message"": ""Price went down 3 times in the last 5 ticks!"", ""trader_id"": ""5ce597fa-5f3d-45d1-9de6-95be128b374b""}",1775580510.527755
03af9f8b-508e-452c-9c35-0eeba0e3b3cc,3fe9607c-4723-4d14-a5b2-7580b114fb2f,HUMAN,shown,trend_alert,down-streak,down-streak,2026-04-07T16:48:30.399Z,2026-04-07T16:48:30.532748+00:00,"{""client_ts"": ""2026-04-07T16:48:30.399Z"", ""element_id"": ""down-streak"", ""element_label"": ""down-streak"", ""element_type"": ""trend_alert"", ""event_name"": ""shown"", ""message"": ""Price went down 3 times in the last 5 ticks!"", ""trader_id"": ""3fe9607c-4723-4d14-a5b2-7580b114fb2f""}",1775580510.540211
03af9f8b-508e-452c-9c35-0eeba0e3b3cc,53beb2da-e31f-4578-baa8-2d398cbc80d4,HUMAN,shown,trend_alert,down-streak,down-streak,2026-04-07T16:48:30.399Z,2026-04-07T16:48:30.544221+00:00,"{""client_ts"": ""2026-04-07T16:48:30.399Z"", ""element_id"": ""down-streak"", ""element_label"": ""down-streak"", ""element_type"": ""trend_alert"", ""event_name"": ""shown"", ""message"": ""Price went down 3 times in the last 5 ticks!"", ""trader_id"": ""53beb2da-e31f-4578-baa8-2d398cbc80d4""}",1775580510.551361
03af9f8b-508e-452c-9c35-0eeba0e3b3cc,4b39ad0b-8a75-4ba9-9d24-05dd32fad900,HUMAN,shown,trend_alert,down-streak,down-streak,2026-04-07T16:48:30.399Z,2026-04-07T16:48:30.555219+00:00,"{""client_ts"": ""2026-04-07T16:48:30.399Z"", ""element_id"": ""down-streak"", ""element_label"": ""down-streak"", ""element_type"": ""trend_alert"", ""event_name"": ""shown"", ""message"": ""Price went down 3 times in the last 5 ticks!"", ""trader_id"": ""4b39ad0b-8a75-4ba9-9d24-05dd32fad900""}",1775580510.56256
03af9f8b-508e-452c-9c35-0eeba0e3b3cc,e467cb8d-10d2-48db-935f-2418d69da971,HUMAN,shown,trend_alert,down-streak,down-streak,2026-04-07T16:48:30.399Z,2026-04-07T16:48:30.566452+00:00,"{""client_ts"": ""2026-04-07T16:48:30.399Z"", ""element_id"": ""down-streak"", ""element_label"": ""down-streak"", ""element_type"": ""trend_alert"", ""event_name"": ""shown"", ""message"": ""Price went down 3 times in the last 5 ticks!"", ""trader_id"": ""e467cb8d-10d2-48db-935f-2418d69da971""}",1775580510.573598
03af9f8b-508e-452c-9c35-0eeba0e3b3cc,8fc4cd9a-1fbb-43de-85ce-82cb99d02a2a,HUMAN,shown,trend_alert,down-streak,down-streak,2026-04-07T16:48:30.400Z,2026-04-07T16:48:30.577261+00:00,"{""client_ts"": ""2026-04-07T16:48:30.400Z"", ""element_id"": ""down-streak"", ""element_label"": ""down-streak"", ""element_type"": ""trend_alert"", ""event_name"": ""shown"", ""message"": ""Price went down 3 times in the last 5 ticks!"", ""trader_id"": ""8fc4cd9a-1fbb-43de-85ce-82cb99d02a2a""}",1775580510.584332
03af9f8b-508e-452c-9c35-0eeba0e3b3cc,6e0cda1c-f51b-4272-8648-67e646ea1f31,HUMAN,shown,trend_alert,down-streak,down-streak,2026-04-07T16:48:30.399Z,2026-04-07T16:48:30.588036+00:00,"{""client_ts"": ""2026-04-07T16:48:30.399Z"", ""element_id"": ""down-streak"", ""element_label"": ""down-streak"", ""element_type"": ""trend_alert"", ""event_name"": ""shown"", ""message"": ""Price went down 3 times in the last 5 ticks!"", ""trader_id"": ""6e0cda1c-f51b-4272-8648-67e646ea1f31""}",1775580510.595279
03af9f8b-508e-452c-9c35-0eeba0e3b3cc,9697f7a1-e2e7-4427-8b7e-fb165a1ab72c,HUMAN,shown,trend_alert,down-streak,down-streak,2026-04-07T16:48:30.399Z,2026-04-07T16:48:30.600735+00:00,"{""client_ts"": ""2026-04-07T16:48:30.399Z"", ""element_id"": ""down-streak"", ""element_label"": ""down-streak"", ""element_type"": ""trend_alert"", ""event_name"": ""shown"", ""message"": ""Price went down 3 times in the last 5 ticks!"", ""trader_id"": ""9697f7a1-e2e7-4427-8b7e-fb165a1ab72c""}",1775580510.607884
03af9f8b-508e-452c-9c35-0eeba0e3b3cc,e467cb8d-10d2-48db-935f-2418d69da971,HUMAN,shown,badge_unlock,bronze,Bronze,2026-04-07T16:48:41.143Z,2026-04-07T16:48:41.253094+00:00,"{""client_ts"": ""2026-04-07T16:48:41.143Z"", ""element_id"": ""bronze"", ""element_label"": ""Bronze"", ""element_type"": ""badge_unlock"", ""event_name"": ""shown"", ""total_trades_threshold"": 10, ""trader_id"": ""e467cb8d-10d2-48db-935f-2418d69da971""}",1775580521.261273
03af9f8b-508e-452c-9c35-0eeba0e3b3cc,e467cb8d-10d2-48db-935f-2418d69da971,HUMAN,shown,badge_modal,bronze,Bronze,2026-04-07T16:48:41.143Z,2026-04-07T16:48:41.268336+00:00,"{""client_ts"": ""2026-04-07T16:48:41.143Z"", ""element_id"": ""bronze"", ""element_label"": ""Bronze"", ""element_type"": ""badge_modal"", ""event_name"": ""shown"", ""message"": ""Level up! Doing well"", ""total_trades"": 10, ""trader_id"": ""e467cb8d-10d2-48db-935f-2418d69da971""}",1775580521.276013
03af9f8b-508e-452c-9c35-0eeba0e3b3cc,e467cb8d-10d2-48db-935f-2418d69da971,HUMAN,shown,badge_gif,bronze,Bronze,2026-04-07T16:48:41.144Z,2026-04-07T16:48:41.282718+00:00,"{""client_ts"": ""2026-04-07T16:48:41.144Z"", ""element_id"": ""bronze"", ""element_label"": ""Bronze"", ""element_type"": ""badge_gif"", ""event_name"": ""shown"", ""gif"": ""/static/trader_bridge_app/vue/assets/bronze.gif"", ""trader_id"": ""e467cb8d-10d2-48db-935f-2418d69da971""}",1775580521.289877
03af9f8b-508e-452c-9c35-0eeba0e3b3cc,6e0cda1c-f51b-4272-8648-67e646ea1f31,HUMAN,shown,badge_unlock,bronze,Bronze,2026-04-07T16:52:23.444Z,2026-04-07T16:52:23.547788+00:00,"{""client_ts"": ""2026-04-07T16:52:23.444Z"", ""element_id"": ""bronze"", ""element_label"": ""Bronze"", ""element_type"": ""badge_unlock"", ""event_name"": ""shown"", ""total_trades_threshold"": 10, ""trader_id"": ""6e0cda1c-f51b-4272-8648-67e646ea1f31""}",1775580743.555851
03af9f8b-508e-452c-9c35-0eeba0e3b3cc,6e0cda1c-f51b-4272-8648-67e646ea1f31,HUMAN,shown,badge_modal,bronze,Bronze,2026-04-07T16:52:23.444Z,2026-04-07T16:52:23.560823+00:00,"{""client_ts"": ""2026-04-07T16:52:23.444Z"", ""element_id"": ""bronze"", ""element_label"": ""Bronze"", ""element_type"": ""badge_modal"", ""event_name"": ""shown"", ""message"": ""Level up! Doing well"", ""total_trades"": 10, ""trader_id"": ""6e0cda1c-f51b-4272-8648-67e646ea1f31""}",1775580743.568218
03af9f8b-508e-452c-9c35-0eeba0e3b3cc,6e0cda1c-f51b-4272-8648-67e646ea1f31,HUMAN,shown,badge_gif,bronze,Bronze,2026-04-07T16:52:23.444Z,2026-04-07T16:52:23.572425+00:00,"{""client_ts"": ""2026-04-07T16:52:23.444Z"", ""element_id"": ""bronze"", ""element_label"": ""Bronze"", ""element_type"": ""badge_gif"", ""event_name"": ""shown"", ""gif"": ""/static/trader_bridge_app/vue/assets/bronze.gif"", ""trader_id"": ""6e0cda1c-f51b-4272-8648-67e646ea1f31""}",1775580743.579585
03af9f8b-508e-452c-9c35-0eeba0e3b3cc,53beb2da-e31f-4578-baa8-2d398cbc80d4,HUMAN,shown,badge_unlock,silver,Silver,2026-04-07T16:55:19.160Z,2026-04-07T16:55:19.261736+00:00,"{""client_ts"": ""2026-04-07T16:55:19.160Z"", ""element_id"": ""silver"", ""element_label"": ""Silver"", ""element_type"": ""badge_unlock"", ""event_name"": ""shown"", ""total_trades_threshold"": 15, ""trader_id"": ""53beb2da-e31f-4578-baa8-2d398cbc80d4""}",1775580919.269008
03af9f8b-508e-452c-9c35-0eeba0e3b3cc,53beb2da-e31f-4578-baa8-2d398cbc80d4,HUMAN,shown,badge_modal,silver,Silver,2026-04-07T16:55:19.160Z,2026-04-07T16:55:19.273613+00:00,"{""client_ts"": ""2026-04-07T16:55:19.160Z"", ""element_id"": ""silver"", ""element_label"": ""Silver"", ""element_type"": ""badge_modal"", ""event_name"": ""shown"", ""message"": ""You belong on the trading floor!"", ""total_trades"": 15, ""trader_id"": ""53beb2da-e31f-4578-baa8-2d398cbc80d4""}",1775580919.281826
03af9f8b-508e-452c-9c35-0eeba0e3b3cc,53beb2da-e31f-4578-baa8-2d398cbc80d4,HUMAN,shown,badge_gif,silver,Silver,2026-04-07T16:55:19.160Z,2026-04-07T16:55:19.285921+00:00,"{""client_ts"": ""2026-04-07T16:55:19.160Z"", ""element_id"": ""silver"", ""element_label"": ""Silver"", ""element_type"": ""badge_gif"", ""event_name"": ""shown"", ""gif"": ""/static/trader_bridge_app/vue/assets/silver.gif"", ""trader_id"": ""53beb2da-e31f-4578-baa8-2d398cbc80d4""}",1775580919.294679
03af9f8b-508e-452c-9c35-0eeba0e3b3cc,e467cb8d-10d2-48db-935f-2418d69da971,HUMAN,shown,badge_unlock,silver,Silver,2026-04-07T16:56:36.145Z,2026-04-07T16:56:36.248656+00:00,"{""client_ts"": ""2026-04-07T16:56:36.145Z"", ""element_id"": ""silver"", ""element_label"": ""Silver"", ""element_type"": ""badge_unlock"", ""event_name"": ""shown"", ""total_trades_threshold"": 15, ""trader_id"": ""e467cb8d-10d2-48db-935f-2418d69da971""}",1775580996.257223
03af9f8b-508e-452c-9c35-0eeba0e3b3cc,e467cb8d-10d2-48db-935f-2418d69da971,HUMAN,shown,badge_modal,silver,Silver,2026-04-07T16:56:36.145Z,2026-04-07T16:56:36.266385+00:00,"{""client_ts"": ""2026-04-07T16:56:36.145Z"", ""element_id"": ""silver"", ""element_label"": ""Silver"", ""element_type"": ""badge_modal"", ""event_name"": ""shown"", ""message"": ""You belong on the trading floor!"", ""total_trades"": 15, ""trader_id"": ""e467cb8d-10d2-48db-935f-2418d69da971""}",1775580996.273857
03af9f8b-508e-452c-9c35-0eeba0e3b3cc,e467cb8d-10d2-48db-935f-2418d69da971,HUMAN,shown,badge_gif,silver,Silver,2026-04-07T16:56:36.145Z,2026-04-07T16:56:36.280753+00:00,"{""client_ts"": ""2026-04-07T16:56:36.145Z"", ""element_id"": ""silver"", ""element_label"": ""Silver"", ""element_type"": ""badge_gif"", ""event_name"": ""shown"", ""gif"": ""/static/trader_bridge_app/vue/assets/silver.gif"", ""trader_id"": ""e467cb8d-10d2-48db-935f-2418d69da971""}",1775580996.287791
03af9f8b-508e-452c-9c35-0eeba0e3b3cc,5ce597fa-5f3d-45d1-9de6-95be128b374b,HUMAN,shown,badge_unlock,silver,Silver,2026-04-07T16:56:58.923Z,2026-04-07T16:56:59.025717+00:00,"{""client_ts"": ""2026-04-07T16:56:58.923Z"", ""element_id"": ""silver"", ""element_label"": ""Silver"", ""element_type"": ""badge_unlock"", ""event_name"": ""shown"", ""total_trades_threshold"": 15, ""trader_id"": ""5ce597fa-5f3d-45d1-9de6-95be128b374b""}",1775581019.033358
03af9f8b-508e-452c-9c35-0eeba0e3b3cc,5ce597fa-5f3d-45d1-9de6-95be128b374b,HUMAN,shown,badge_modal,silver,Silver,2026-04-07T16:56:58.923Z,2026-04-07T16:56:59.037721+00:00,"{""client_ts"": ""2026-04-07T16:56:58.923Z"", ""element_id"": ""silver"", ""element_label"": ""Silver"", ""element_type"": ""badge_modal"", ""event_name"": ""shown"", ""message"": ""You belong on the trading floor!"", ""total_trades"": 15, ""trader_id"": ""5ce597fa-5f3d-45d1-9de6-95be128b374b""}",1775581019.044869
03af9f8b-508e-452c-9c35-0eeba0e3b3cc,5ce597fa-5f3d-45d1-9de6-95be128b374b,HUMAN,shown,badge_gif,silver,Silver,2026-04-07T16:56:58.923Z,2026-04-07T16:56:59.048976+00:00,"{""client_ts"": ""2026-04-07T16:56:58.923Z"", ""element_id"": ""silver"", ""element_label"": ""Silver"", ""element_type"": ""badge_gif"", ""event_name"": ""shown"", ""gif"": ""/static/trader_bridge_app/vue/assets/silver.gif"", ""trader_id"": ""5ce597fa-5f3d-45d1-9de6-95be128b374b""}",1775581019.056417
03af9f8b-508e-452c-9c35-0eeba0e3b3cc,6e0cda1c-f51b-4272-8648-67e646ea1f31,HUMAN,shown,trend_alert,up-streak,up-streak,2026-04-07T16:58:16.345Z,2026-04-07T16:58:16.428972+00:00,"{""client_ts"": ""2026-04-07T16:58:16.345Z"", ""element_id"": ""up-streak"", ""element_label"": ""up-streak"", ""element_type"": ""trend_alert"", ""event_name"": ""shown"", ""message"": ""Price went up 3 times in the last 5 ticks!"", ""trader_id"": ""6e0cda1c-f51b-4272-8648-67e646ea1f31""}",1775581096.436582
03af9f8b-508e-452c-9c35-0eeba0e3b3cc,9697f7a1-e2e7-4427-8b7e-fb165a1ab72c,HUMAN,shown,trend_alert,up-streak,up-streak,2026-04-07T16:58:16.345Z,2026-04-07T16:58:16.444780+00:00,"{""client_ts"": ""2026-04-07T16:58:16.345Z"", ""element_id"": ""up-streak"", ""element_label"": ""up-streak"", ""element_type"": ""trend_alert"", ""event_name"": ""shown"", ""message"": ""Price went up 3 times in the last 5 ticks!"", ""trader_id"": ""9697f7a1-e2e7-4427-8b7e-fb165a1ab72c""}",1775581096.452023
03af9f8b-508e-452c-9c35-0eeba0e3b3cc,4b39ad0b-8a75-4ba9-9d24-05dd32fad900,HUMAN,shown,trend_alert,up-streak,up-streak,2026-04-07T16:58:16.345Z,2026-04-07T16:58:16.456183+00:00,"{""client_ts"": ""2026-04-07T16:58:16.345Z"", ""element_id"": ""up-streak"", ""element_label"": ""up-streak"", ""element_type"": ""trend_alert"", ""event_name"": ""shown"", ""message"": ""Price went up 3 times in the last 5 ticks!"", ""trader_id"": ""4b39ad0b-8a75-4ba9-9d24-05dd32fad900""}",1775581096.463411
03af9f8b-508e-452c-9c35-0eeba0e3b3cc,e467cb8d-10d2-48db-935f-2418d69da971,HUMAN,shown,trend_alert,up-streak,up-streak,2026-04-07T16:58:16.347Z,2026-04-07T16:58:16.467283+00:00,"{""client_ts"": ""2026-04-07T16:58:16.347Z"", ""element_id"": ""up-streak"", ""element_label"": ""up-streak"", ""element_type"": ""trend_alert"", ""event_name"": ""shown"", ""message"": ""Price went up 3 times in the last 5 ticks!"", ""trader_id"": ""e467cb8d-10d2-48db-935f-2418d69da971""}",1775581096.474687
03af9f8b-508e-452c-9c35-0eeba0e3b3cc,53beb2da-e31f-4578-baa8-2d398cbc80d4,HUMAN,shown,trend_alert,up-streak,up-streak,2026-04-07T16:58:16.347Z,2026-04-07T16:58:16.479413+00:00,"{""client_ts"": ""2026-04-07T16:58:16.347Z"", ""element_id"": ""up-streak"", ""element_label"": ""up-streak"", ""element_type"": ""trend_alert"", ""event_name"": ""shown"", ""message"": ""Price went up 3 times in the last 5 ticks!"", ""trader_id"": ""53beb2da-e31f-4578-baa8-2d398cbc80d4""}",1775581096.48708
03af9f8b-508e-452c-9c35-0eeba0e3b3cc,8fc4cd9a-1fbb-43de-85ce-82cb99d02a2a,HUMAN,shown,trend_alert,up-streak,up-streak,2026-04-07T16:58:16.346Z,2026-04-07T16:58:16.491256+00:00,"{""client_ts"": ""2026-04-07T16:58:16.346Z"", ""element_id"": ""up-streak"", ""element_label"": ""up-streak"", ""element_type"": ""trend_alert"", ""event_name"": ""shown"", ""message"": ""Price went up 3 times in the last 5 ticks!"", ""trader_id"": ""8fc4cd9a-1fbb-43de-85ce-82cb99d02a2a""}",1775581096.498814
03af9f8b-508e-452c-9c35-0eeba0e3b3cc,3fe9607c-4723-4d14-a5b2-7580b114fb2f,HUMAN,shown,trend_alert,up-streak,up-streak,2026-04-07T16:58:16.346Z,2026-04-07T16:58:16.502634+00:00,"{""client_ts"": ""2026-04-07T16:58:16.346Z"", ""element_id"": ""up-streak"", ""element_label"": ""up-streak"", ""element_type"": ""trend_alert"", ""event_name"": ""shown"", ""message"": ""Price went up 3 times in the last 5 ticks!"", ""trader_id"": ""3fe9607c-4723-4d14-a5b2-7580b114fb2f""}",1775581096.509754
03af9f8b-508e-452c-9c35-0eeba0e3b3cc,5ce597fa-5f3d-45d1-9de6-95be128b374b,HUMAN,shown,trend_alert,up-streak,up-streak,2026-04-07T16:58:16.347Z,2026-04-07T16:58:16.514028+00:00,"{""client_ts"": ""2026-04-07T16:58:16.347Z"", ""element_id"": ""up-streak"", ""element_label"": ""up-streak"", ""element_type"": ""trend_alert"", ""event_name"": ""shown"", ""message"": ""Price went up 3 times in the last 5 ticks!"", ""trader_id"": ""5ce597fa-5f3d-45d1-9de6-95be128b374b""}",1775581096.522587
03af9f8b-508e-452c-9c35-0eeba0e3b3cc,6e0cda1c-f51b-4272-8648-67e646ea1f31,HUMAN,shown,trend_alert,down-streak,down-streak,2026-04-07T16:59:33.759Z,2026-04-07T16:59:33.842080+00:00,"{""client_ts"": ""2026-04-07T16:59:33.759Z"", ""element_id"": ""down-streak"", ""element_label"": ""down-streak"", ""element_type"": ""trend_alert"", ""event_name"": ""shown"", ""message"": ""Price went down 3 times in the last 5 ticks!"", ""trader_id"": ""6e0cda1c-f51b-4272-8648-67e646ea1f31""}",1775581173.849958
03af9f8b-508e-452c-9c35-0eeba0e3b3cc,5ce597fa-5f3d-45d1-9de6-95be128b374b,HUMAN,shown,trend_alert,down-streak,down-streak,2026-04-07T16:59:33.759Z,2026-04-07T16:59:33.855331+00:00,"{""client_ts"": ""2026-04-07T16:59:33.759Z"", ""element_id"": ""down-streak"", ""element_label"": ""down-streak"", ""element_type"": ""trend_alert"", ""event_name"": ""shown"", ""message"": ""Price went down 3 times in the last 5 ticks!"", ""trader_id"": ""5ce597fa-5f3d-45d1-9de6-95be128b374b""}",1775581173.862767
03af9f8b-508e-452c-9c35-0eeba0e3b3cc,4b39ad0b-8a75-4ba9-9d24-05dd32fad900,HUMAN,shown,trend_alert,down-streak,down-streak,2026-04-07T16:59:33.760Z,2026-04-07T16:59:33.867823+00:00,"{""client_ts"": ""2026-04-07T16:59:33.760Z"", ""element_id"": ""down-streak"", ""element_label"": ""down-streak"", ""element_type"": ""trend_alert"", ""event_name"": ""shown"", ""message"": ""Price went down 3 times in the last 5 ticks!"", ""trader_id"": ""4b39ad0b-8a75-4ba9-9d24-05dd32fad900""}",1775581173.874988
03af9f8b-508e-452c-9c35-0eeba0e3b3cc,53beb2da-e31f-4578-baa8-2d398cbc80d4,HUMAN,shown,trend_alert,down-streak,down-streak,2026-04-07T16:59:33.760Z,2026-04-07T16:59:33.879489+00:00,"{""client_ts"": ""2026-04-07T16:59:33.760Z"", ""element_id"": ""down-streak"", ""element_label"": ""down-streak"", ""element_type"": ""trend_alert"", ""event_name"": ""shown"", ""message"": ""Price went down 3 times in the last 5 ticks!"", ""trader_id"": ""53beb2da-e31f-4578-baa8-2d398cbc80d4""}",1775581173.886715
03af9f8b-508e-452c-9c35-0eeba0e3b3cc,3fe9607c-4723-4d14-a5b2-7580b114fb2f,HUMAN,shown,trend_alert,down-streak,down-streak,2026-04-07T16:59:33.759Z,2026-04-07T16:59:33.895317+00:00,"{""client_ts"": ""2026-04-07T16:59:33.759Z"", ""element_id"": ""down-streak"", ""element_label"": ""down-streak"", ""element_type"": ""trend_alert"", ""event_name"": ""shown"", ""message"": ""Price went down 3 times in the last 5 ticks!"", ""trader_id"": ""3fe9607c-4723-4d14-a5b2-7580b114fb2f""}",1775581173.902728
03af9f8b-508e-452c-9c35-0eeba0e3b3cc,9697f7a1-e2e7-4427-8b7e-fb165a1ab72c,HUMAN,shown,trend_alert,down-streak,down-streak,2026-04-07T16:59:33.766Z,2026-04-07T16:59:33.907113+00:00,"{""client_ts"": ""2026-04-07T16:59:33.766Z"", ""element_id"": ""down-streak"", ""element_label"": ""down-streak"", ""element_type"": ""trend_alert"", ""event_name"": ""shown"", ""message"": ""Price went down 3 times in the last 5 ticks!"", ""trader_id"": ""9697f7a1-e2e7-4427-8b7e-fb165a1ab72c""}",1775581173.915062
03af9f8b-508e-452c-9c35-0eeba0e3b3cc,e467cb8d-10d2-48db-935f-2418d69da971,HUMAN,shown,trend_alert,down-streak,down-streak,2026-04-07T16:59:33.760Z,2026-04-07T16:59:33.918830+00:00,"{""client_ts"": ""2026-04-07T16:59:33.760Z"", ""element_id"": ""down-streak"", ""element_label"": ""down-streak"", ""element_type"": ""trend_alert"", ""event_name"": ""shown"", ""message"": ""Price went down 3 times in the last 5 ticks!"", ""trader_id"": ""e467cb8d-10d2-48db-935f-2418d69da971""}",1775581173.925759
03af9f8b-508e-452c-9c35-0eeba0e3b3cc,9697f7a1-e2e7-4427-8b7e-fb165a1ab72c,HUMAN,shown,badge_unlock,bronze,Bronze,2026-04-07T17:00:00.990Z,2026-04-07T17:00:01.077687+00:00,"{""client_ts"": ""2026-04-07T17:00:00.990Z"", ""element_id"": ""bronze"", ""element_label"": ""Bronze"", ""element_type"": ""badge_unlock"", ""event_name"": ""shown"", ""total_trades_threshold"": 10, ""trader_id"": ""9697f7a1-e2e7-4427-8b7e-fb165a1ab72c""}",1775581201.086053
03af9f8b-508e-452c-9c35-0eeba0e3b3cc,9697f7a1-e2e7-4427-8b7e-fb165a1ab72c,HUMAN,shown,badge_modal,bronze,Bronze,2026-04-07T17:00:00.991Z,2026-04-07T17:00:01.092355+00:00,"{""client_ts"": ""2026-04-07T17:00:00.991Z"", ""element_id"": ""bronze"", ""element_label"": ""Bronze"", ""element_type"": ""badge_modal"", ""event_name"": ""shown"", ""message"": ""Level up! Doing well"", ""total_trades"": 10, ""trader_id"": ""9697f7a1-e2e7-4427-8b7e-fb165a1ab72c""}",1775581201.100616
03af9f8b-508e-452c-9c35-0eeba0e3b3cc,9697f7a1-e2e7-4427-8b7e-fb165a1ab72c,HUMAN,shown,badge_gif,bronze,Bronze,2026-04-07T17:00:00.991Z,2026-04-07T17:00:01.106389+00:00,"{""client_ts"": ""2026-04-07T17:00:00.991Z"", ""element_id"": ""bronze"", ""element_label"": ""Bronze"", ""element_type"": ""badge_gif"", ""event_name"": ""shown"", ""gif"": ""/static/trader_bridge_app/vue/assets/bronze.gif"", ""trader_id"": ""9697f7a1-e2e7-4427-8b7e-fb165a1ab72c""}",1775581201.113577
03af9f8b-508e-452c-9c35-0eeba0e3b3cc,3fe9607c-4723-4d14-a5b2-7580b114fb2f,HUMAN,shown,badge_unlock,bronze,Bronze,2026-04-07T17:01:15.495Z,2026-04-07T17:01:15.578919+00:00,"{""client_ts"": ""2026-04-07T17:01:15.495Z"", ""element_id"": ""bronze"", ""element_label"": ""Bronze"", ""element_type"": ""badge_unlock"", ""event_name"": ""shown"", ""total_trades_threshold"": 10, ""trader_id"": ""3fe9607c-4723-4d14-a5b2-7580b114fb2f""}",1775581275.586415
03af9f8b-508e-452c-9c35-0eeba0e3b3cc,3fe9607c-4723-4d14-a5b2-7580b114fb2f,HUMAN,shown,badge_modal,bronze,Bronze,2026-04-07T17:01:15.496Z,2026-04-07T17:01:15.591145+00:00,"{""client_ts"": ""2026-04-07T17:01:15.496Z"", ""element_id"": ""bronze"", ""element_label"": ""Bronze"", ""element_type"": ""badge_modal"", ""event_name"": ""shown"", ""message"": ""Level up! Doing well"", ""total_trades"": 10, ""trader_id"": ""3fe9607c-4723-4d14-a5b2-7580b114fb2f""}",1775581275.598219
03af9f8b-508e-452c-9c35-0eeba0e3b3cc,3fe9607c-4723-4d14-a5b2-7580b114fb2f,HUMAN,shown,badge_gif,bronze,Bronze,2026-04-07T17:01:15.496Z,2026-04-07T17:01:15.602544+00:00,"{""client_ts"": ""2026-04-07T17:01:15.496Z"", ""element_id"": ""bronze"", ""element_label"": ""Bronze"", ""element_type"": ""badge_gif"", ""event_name"": ""shown"", ""gif"": ""/static/trader_bridge_app/vue/assets/bronze.gif"", ""trader_id"": ""3fe9607c-4723-4d14-a5b2-7580b114fb2f""}",1775581275.609752
03af9f8b-508e-452c-9c35-0eeba0e3b3cc,3fe9607c-4723-4d14-a5b2-7580b114fb2f,HUMAN,shown,trend_alert,up-streak,up-streak,2026-04-07T17:02:21.052Z,2026-04-07T17:02:21.136628+00:00,"{""client_ts"": ""2026-04-07T17:02:21.052Z"", ""element_id"": ""up-streak"", ""element_label"": ""up-streak"", ""element_type"": ""trend_alert"", ""event_name"": ""shown"", ""message"": ""Price went up 3 times in the last 5 ticks!"", ""trader_id"": ""3fe9607c-4723-4d14-a5b2-7580b114fb2f""}",1775581341.144671
03af9f8b-508e-452c-9c35-0eeba0e3b3cc,4b39ad0b-8a75-4ba9-9d24-05dd32fad900,HUMAN,shown,trend_alert,up-streak,up-streak,2026-04-07T17:02:21.053Z,2026-04-07T17:02:21.150021+00:00,"{""client_ts"": ""2026-04-07T17:02:21.053Z"", ""element_id"": ""up-streak"", ""element_label"": ""up-streak"", ""element_type"": ""trend_alert"", ""event_name"": ""shown"", ""message"": ""Price went up 3 times in the last 5 ticks!"", ""trader_id"": ""4b39ad0b-8a75-4ba9-9d24-05dd32fad900""}",1775581341.157509
03af9f8b-508e-452c-9c35-0eeba0e3b3cc,53beb2da-e31f-4578-baa8-2d398cbc80d4,HUMAN,shown,trend_alert,up-streak,up-streak,2026-04-07T17:02:21.052Z,2026-04-07T17:02:21.161320+00:00,"{""client_ts"": ""2026-04-07T17:02:21.052Z"", ""element_id"": ""up-streak"", ""element_label"": ""up-streak"", ""element_type"": ""trend_alert"", ""event_name"": ""shown"", ""message"": ""Price went up 3 times in the last 5 ticks!"", ""trader_id"": ""53beb2da-e31f-4578-baa8-2d398cbc80d4""}",1775581341.17766
03af9f8b-508e-452c-9c35-0eeba0e3b3cc,8fc4cd9a-1fbb-43de-85ce-82cb99d02a2a,HUMAN,shown,trend_alert,up-streak,up-streak,2026-04-07T17:02:21.053Z,2026-04-07T17:02:21.181401+00:00,"{""client_ts"": ""2026-04-07T17:02:21.053Z"", ""element_id"": ""up-streak"", ""element_label"": ""up-streak"", ""element_type"": ""trend_alert"", ""event_name"": ""shown"", ""message"": ""Price went up 3 times in the last 5 ticks!"", ""trader_id"": ""8fc4cd9a-1fbb-43de-85ce-82cb99d02a2a""}",1775581341.188285
03af9f8b-508e-452c-9c35-0eeba0e3b3cc,5ce597fa-5f3d-45d1-9de6-95be128b374b,HUMAN,shown,trend_alert,up-streak,up-streak,2026-04-07T17:02:21.052Z,2026-04-07T17:02:21.192154+00:00,"{""client_ts"": ""2026-04-07T17:02:21.052Z"", ""element_id"": ""up-streak"", ""element_label"": ""up-streak"", ""element_type"": ""trend_alert"", ""event_name"": ""shown"", ""message"": ""Price went up 3 times in the last 5 ticks!"", ""trader_id"": ""5ce597fa-5f3d-45d1-9de6-95be128b374b""}",1775581341.199493
03af9f8b-508e-452c-9c35-0eeba0e3b3cc,e467cb8d-10d2-48db-935f-2418d69da971,HUMAN,shown,trend_alert,up-streak,up-streak,2026-04-07T17:02:21.054Z,2026-04-07T17:02:21.204912+00:00,"{""client_ts"": ""2026-04-07T17:02:21.054Z"", ""element_id"": ""up-streak"", ""element_label"": ""up-streak"", ""element_type"": ""trend_alert"", ""event_name"": ""shown"", ""message"": ""Price went up 3 times in the last 5 ticks!"", ""trader_id"": ""e467cb8d-10d2-48db-935f-2418d69da971""}",1775581341.211952
03af9f8b-508e-452c-9c35-0eeba0e3b3cc,6e0cda1c-f51b-4272-8648-67e646ea1f31,HUMAN,shown,trend_alert,up-streak,up-streak,2026-04-07T17:02:21.052Z,2026-04-07T17:02:21.222432+00:00,"{""client_ts"": ""2026-04-07T17:02:21.052Z"", ""element_id"": ""up-streak"", ""element_label"": ""up-streak"", ""element_type"": ""trend_alert"", ""event_name"": ""shown"", ""message"": ""Price went up 3 times in the last 5 ticks!"", ""trader_id"": ""6e0cda1c-f51b-4272-8648-67e646ea1f31""}",1775581341.230317
03af9f8b-508e-452c-9c35-0eeba0e3b3cc,9697f7a1-e2e7-4427-8b7e-fb165a1ab72c,HUMAN,shown,trend_alert,up-streak,up-streak,2026-04-07T17:02:21.052Z,2026-04-07T17:02:21.234418+00:00,"{""client_ts"": ""2026-04-07T17:02:21.052Z"", ""element_id"": ""up-streak"", ""element_label"": ""up-streak"", ""element_type"": ""trend_alert"", ""event_name"": ""shown"", ""message"": ""Price went up 3 times in the last 5 ticks!"", ""trader_id"": ""9697f7a1-e2e7-4427-8b7e-fb165a1ab72c""}",1775581341.249392
03af9f8b-508e-452c-9c35-0eeba0e3b3cc,6e0cda1c-f51b-4272-8648-67e646ea1f31,HUMAN,shown,trend_alert,down-streak,down-streak,2026-04-07T17:02:39.202Z,2026-04-07T17:02:39.284654+00:00,"{""client_ts"": ""2026-04-07T17:02:39.202Z"", ""element_id"": ""down-streak"", ""element_label"": ""down-streak"", ""element_type"": ""trend_alert"", ""event_name"": ""shown"", ""message"": ""Price went down 3 times in the last 5 ticks!"", ""trader_id"": ""6e0cda1c-f51b-4272-8648-67e646ea1f31""}",1775581359.292231
03af9f8b-508e-452c-9c35-0eeba0e3b3cc,5ce597fa-5f3d-45d1-9de6-95be128b374b,HUMAN,shown,trend_alert,down-streak,down-streak,2026-04-07T17:02:39.203Z,2026-04-07T17:02:39.297808+00:00,"{""client_ts"": ""2026-04-07T17:02:39.203Z"", ""element_id"": ""down-streak"", ""element_label"": ""down-streak"", ""element_type"": ""trend_alert"", ""event_name"": ""shown"", ""message"": ""Price went down 3 times in the last 5 ticks!"", ""trader_id"": ""5ce597fa-5f3d-45d1-9de6-95be128b374b""}",1775581359.305301
03af9f8b-508e-452c-9c35-0eeba0e3b3cc,3fe9607c-4723-4d14-a5b2-7580b114fb2f,HUMAN,shown,trend_alert,down-streak,down-streak,2026-04-07T17:02:39.203Z,2026-04-07T17:02:39.309447+00:00,"{""client_ts"": ""2026-04-07T17:02:39.203Z"", ""element_id"": ""down-streak"", ""element_label"": ""down-streak"", ""element_type"": ""trend_alert"", ""event_name"": ""shown"", ""message"": ""Price went down 3 times in the last 5 ticks!"", ""trader_id"": ""3fe9607c-4723-4d14-a5b2-7580b114fb2f""}",1775581359.323553
03af9f8b-508e-452c-9c35-0eeba0e3b3cc,4b39ad0b-8a75-4ba9-9d24-05dd32fad900,HUMAN,shown,trend_alert,down-streak,down-streak,2026-04-07T17:02:39.203Z,2026-04-07T17:02:39.337473+00:00,"{""client_ts"": ""2026-04-07T17:02:39.203Z"", ""element_id"": ""down-streak"", ""element_label"": ""down-streak"", ""element_type"": ""trend_alert"", ""event_name"": ""shown"", ""message"": ""Price went down 3 times in the last 5 ticks!"", ""trader_id"": ""4b39ad0b-8a75-4ba9-9d24-05dd32fad900""}",1775581359.345581
03af9f8b-508e-452c-9c35-0eeba0e3b3cc,53beb2da-e31f-4578-baa8-2d398cbc80d4,HUMAN,shown,trend_alert,down-streak,down-streak,2026-04-07T17:02:39.202Z,2026-04-07T17:02:39.349898+00:00,"{""client_ts"": ""2026-04-07T17:02:39.202Z"", ""element_id"": ""down-streak"", ""element_label"": ""down-streak"", ""element_type"": ""trend_alert"", ""event_name"": ""shown"", ""message"": ""Price went down 3 times in the last 5 ticks!"", ""trader_id"": ""53beb2da-e31f-4578-baa8-2d398cbc80d4""}",1775581359.357127
03af9f8b-508e-452c-9c35-0eeba0e3b3cc,9697f7a1-e2e7-4427-8b7e-fb165a1ab72c,HUMAN,shown,trend_alert,down-streak,down-streak,2026-04-07T17:02:39.203Z,2026-04-07T17:02:39.361391+00:00,"{""client_ts"": ""2026-04-07T17:02:39.203Z"", ""element_id"": ""down-streak"", ""element_label"": ""down-streak"", ""element_type"": ""trend_alert"", ""event_name"": ""shown"", ""message"": ""Price went down 3 times in the last 5 ticks!"", ""trader_id"": ""9697f7a1-e2e7-4427-8b7e-fb165a1ab72c""}",1775581359.368657
03af9f8b-508e-452c-9c35-0eeba0e3b3cc,8fc4cd9a-1fbb-43de-85ce-82cb99d02a2a,HUMAN,shown,trend_alert,down-streak,down-streak,2026-04-07T17:02:39.203Z,2026-04-07T17:02:39.372690+00:00,"{""client_ts"": ""2026-04-07T17:02:39.203Z"", ""element_id"": ""down-streak"", ""element_label"": ""down-streak"", ""element_type"": ""trend_alert"", ""event_name"": ""shown"", ""message"": ""Price went down 3 times in the last 5 ticks!"", ""trader_id"": ""8fc4cd9a-1fbb-43de-85ce-82cb99d02a2a""}",1775581359.380022
03af9f8b-508e-452c-9c35-0eeba0e3b3cc,e467cb8d-10d2-48db-935f-2418d69da971,HUMAN,shown,trend_alert,down-streak,down-streak,2026-04-07T17:02:39.204Z,2026-04-07T17:02:39.383880+00:00,"{""client_ts"": ""2026-04-07T17:02:39.204Z"", ""element_id"": ""down-streak"", ""element_label"": ""down-streak"", ""element_type"": ""trend_alert"", ""event_name"": ""shown"", ""message"": ""Price went down 3 times in the last 5 ticks!"", ""trader_id"": ""e467cb8d-10d2-48db-935f-2418d69da971""}",1775581359.391339
